sequence_id,split,condition,frame_index,gt_track_id,gt_class,best_same_class_raw_iou,best_other_class_raw_iou,other_class_better,no_raw_overlap
degraded:fixture_calibration_0000,calibration,degraded,0,calibration:fixture_calibration_0000:crop/sorghum_rows/000000,crop,0.5096579259738858,0.5084038111551226,False,False
degraded:fixture_calibration_0000,calibration,degraded,0,calibration:fixture_calibration_0000:crop/sorghum_rows/000001,crop,0.0,0.2808959156785244,True,False
degraded:fixture_calibration_0000,calibration,degraded,0,calibration:fixture_calibration_0000:crop/sorghum_rows/000006,crop,0.41565874730021596,0.4162110003216468,True,False
degraded:fixture_calibration_0000,calibration,degraded,0,calibration:fixture_calibration_0000:crop/sorghum_rows/000007,crop,0.0,0.5840242137123306,True,False
degraded:fixture_calibration_0000,calibration,degraded,1,calibration:fixture_calibration_0000:crop/sorghum_rows/000000,crop,0.5255051884216275,0.5268003946070372,True,False
degraded:fixture_calibration_0000,calibration,degraded,1,calibration:fixture_calibration_0000:crop/sorghum_rows/000001,crop,0.0,0.2703675147776921,True,False
degraded:fixture_calibration_0000,calibration,degraded,1,calibration:fixture_calibration_0000:crop/sorghum_rows/000006,crop,0.41093665403356794,0.40876070692833133,False,False
degraded:fixture_calibration_0000,calibration,degraded,1,calibration:fixture_calibration_0000:crop/sorghum_rows/000007,crop,0.0,0.5977911904456145,True,False
degraded:fixture_calibration_0000,calibration,degraded,2,calibration:fixture_calibration_0000:crop/sorghum_rows/000000,crop,0.5108206556674523,0.5094077400042762,False,False
degraded:fixture_calibration_0000,calibration,degraded,2,calibration:fixture_calibration_0000:crop/sorghum_rows/000001,crop,0.0,0.2701607798455501,True,False
degraded:fixture_calibration_0000,calibration,degraded,2,calibration:fixture_calibration_0000:crop/sorghum_rows/000006,crop,0.4167114166040167,0.41549673132568854,False,False
degraded:fixture_calibration_0000,calibration,degraded,2,calibration:fixture_calibration_0000:crop/sorghum_rows/000007,crop,0.0,0.6038140944683,True,False
degraded:fixture_calibration_0000,calibration,degraded,3,calibration:fixture_calibration_0000:crop/sorghum_rows/000000,crop,0.500053242466191,0.5006930376372748,True,False
degraded:fixture_calibration_0000,calibration,degraded,3,calibration:fixture_calibration_0000:crop/sorghum_rows/000001,crop,0.0,0.2751933071365192,True,False
degraded:fixture_calibration_0000,calibration,degraded,3,calibration:fixture_calibration_0000:crop/sorghum_rows/000006,crop,0.4192167772309009,0.4192167772309009,False,False
degraded:fixture_calibration_0000,calibration,degraded,3,calibration:fixture_calibration_0000:crop/sorghum_rows/000007,crop,0.0,0.5892521608417888,True,False
degraded:fixture_calibration_0000,calibration,degraded,3,calibration:fixture_calibration_0000:weed/broadleaf/000000,weed,0.3933274802458297,0.3373352855051244,False,False
degraded:fixture_calibration_0000,calibration,degraded,4,calibration:fixture_calibration_0000:crop/sorghum_rows/000000,crop,0.0,0.487509223147465,True,False
degraded:fixture_calibration_0000,calibration,degraded,4,calibration:fixture_calibration_0000:crop/sorghum_rows/000001,crop,0.0,0.26938057544917704,True,False
degraded:fixture_calibration_0000,calibration,degraded,4,calibration:fixture_calibration_0000:crop/sorghum_rows/000006,crop,0.0,0.41429628846357197,True,False
degraded:fixture_calibration_0000,calibration,degraded,4,calibration:fixture_calibration_0000:crop/sorghum_rows/000007,crop,0.0,0.5907326236693801,True,False
degraded:fixture_calibration_0000,calibration,degraded,4,calibration:fixture_calibration_0000:weed/broadleaf/000000,weed,0.45822526861800666,0.45822526861800666,False,False
degraded:fixture_calibration_0000,calibration,degraded,5,calibration:fixture_calibration_0000:crop/sorghum_rows/000000,crop,0.0,0.4685047501032631,True,False
degraded:fixture_calibration_0000,calibration,degraded,5,calibration:fixture_calibration_0000:crop/sorghum_rows/000001,crop,0.0,0.2725051440329218,True,False
degraded:fixture_calibration_0000,calibration,degraded,5,calibration:fixture_calibration_0000:crop/sorghum_rows/000006,crop,0.0,0.4008464953029834,True,False
degraded:fixture_calibration_0000,calibration,degraded,5,calibration:fixture_calibration_0000:crop/sorghum_rows/000007,crop,0.0,0.6016458788736017,True,False
degraded:fixture_calibration_0000,calibration,degraded,5,calibration:fixture_calibration_0000:weed/broadleaf/000000,weed,0.29483716426277967,0.24091121859884537,False,False
degraded:fixture_calibration_0000,calibration,degraded,6,calibration:fixture_calibration_0000:crop/sorghum_rows/000000,crop,0.0,0.4805054541527163,True,False
degraded:fixture_calibration_0000,calibration,degraded,6,calibration:fixture_calibration_0000:crop/sorghum_rows/000001,crop,0.0,0.2726004818055027,True,False
degraded:fixture_calibration_0000,calibration,degraded,6,calibration:fixture_calibration_0000:crop/sorghum_rows/000006,crop,0.0,0.4129261976694001,True,False
degraded:fixture_calibration_0000,calibration,degraded,6,calibration:fixture_calibration_0000:crop/sorghum_rows/000007,crop,0.0,0.5893106512631713,True,False
degraded:fixture_calibration_0000,calibration,degraded,6,calibration:fixture_calibration_0000:weed/broadleaf/000000,weed,0.3918305597579425,0.33991978871172845,False,False
degraded:fixture_calibration_0000,calibration,degraded,7,calibration:fixture_calibration_0000:crop/sorghum_rows/000000,crop,0.0,0.48082690659811483,True,False
degraded:fixture_calibration_0000,calibration,degraded,7,calibration:fixture_calibration_0000:crop/sorghum_rows/000001,crop,0.0,0.27973285384022606,True,False
degraded:fixture_calibration_0000,calibration,degraded,7,calibration:fixture_calibration_0000:crop/sorghum_rows/000006,crop,0.0,0.39891118701964134,True,False
degraded:fixture_calibration_0000,calibration,degraded,7,calibration:fixture_calibration_0000:crop/sorghum_rows/000007,crop,0.0,0.5925067593665508,True,False
degraded:fixture_calibration_0000,calibration,degraded,7,calibration:fixture_calibration_0000:weed/broadleaf/000000,weed,0.47351982618142313,0.25969791416926397,False,False
degraded:fixture_calibration_0000,calibration,degraded,8,calibration:fixture_calibration_0000:crop/sorghum_rows/000000,crop,0.0,0.4730290456431535,True,False
degraded:fixture_calibration_0000,calibration,degraded,8,calibration:fixture_calibration_0000:crop/sorghum_rows/000001,crop,0.0,0.28948731227343344,True,False
degraded:fixture_calibration_0000,calibration,degraded,8,calibration:fixture_calibration_0000:crop/sorghum_rows/000002,crop,0.0,0.25865580448065173,True,False
degraded:fixture_calibration_0000,calibration,degraded,8,calibration:fixture_calibration_0000:crop/sorghum_rows/000006,crop,0.0,0.4021727553520077,True,False
degraded:fixture_calibration_0000,calibration,degraded,8,calibration:fixture_calibration_0000:crop/sorghum_rows/000007,crop,0.0,0.5859030837004405,True,False
degraded:fixture_calibration_0000,calibration,degraded,8,calibration:fixture_calibration_0000:crop/sorghum_rows/000008,crop,0.0,0.5889695580180868,True,False
degraded:fixture_calibration_0000,calibration,degraded,8,calibration:fixture_calibration_0000:weed/broadleaf/000000,weed,0.47110215053763443,0.2532763398938419,False,False
degraded:fixture_calibration_0000,calibration,degraded,8,calibration:fixture_calibration_0000:weed/broadleaf/000006,weed,0.0,0.0,False,True
degraded:fixture_calibration_0000,calibration,degraded,9,calibration:fixture_calibration_0000:crop/sorghum_rows/000000,crop,0.0,0.2813390313390313,True,False
degraded:fixture_calibration_0000,calibration,degraded,9,calibration:fixture_calibration_0000:crop/sorghum_rows/000001,crop,0.0,0.2926419242208716,True,False
degraded:fixture_calibration_0000,calibration,degraded,9,calibration:fixture_calibration_0000:crop/sorghum_rows/000002,crop,0.0,0.2943888451591139,True,False
degraded:fixture_calibration_0000,calibration,degraded,9,calibration:fixture_calibration_0000:crop/sorghum_rows/000006,crop,0.0,0.5708123652048885,True,False
degraded:fixture_calibration_0000,calibration,degraded,9,calibration:fixture_calibration_0000:crop/sorghum_rows/000007,crop,0.0,0.5806493338507308,True,False
degraded:fixture_calibration_0000,calibration,degraded,9,calibration:fixture_calibration_0000:crop/sorghum_rows/000008,crop,0.0,0.5426104507737161,True,False
degraded:fixture_calibration_0000,calibration,degraded,9,calibration:fixture_calibration_0000:weed/broadleaf/000000,weed,0.5050626165734079,0.2681136144633598,False,False
degraded:fixture_calibration_0000,calibration,degraded,9,calibration:fixture_calibration_0000:weed/broadleaf/000006,weed,0.8683127572016461,0.0,False,False
degraded:fixture_calibration_0000,calibration,degraded,10,calibration:fixture_calibration_0000:crop/sorghum_rows/000001,crop,0.0,0.3101857623737689,True,False
degraded:fixture_calibration_0000,calibration,degraded,10,calibration:fixture_calibration_0000:crop/sorghum_rows/000002,crop,0.0,0.28293228875209847,True,False
degraded:fixture_calibration_0000,calibration,degraded,10,calibration:fixture_calibration_0000:crop/sorghum_rows/000007,crop,0.0,0.5520469296055917,True,False
degraded:fixture_calibration_0000,calibration,degraded,10,calibration:fixture_calibration_0000:crop/sorghum_rows/000008,crop,0.0,0.5544366118384245,True,False
degraded:fixture_calibration_0000,calibration,degraded,10,calibration:fixture_calibration_0000:weed/broadleaf/000000,weed,0.6379466793414855,0.43963341745251694,False,False
degraded:fixture_calibration_0000,calibration,degraded,10,calibration:fixture_calibration_0000:weed/broadleaf/000006,weed,0.7819679740078904,0.7213316892725031,False,False
degraded:fixture_calibration_0000,calibration,degraded,11,calibration:fixture_calibration_0000:crop/sorghum_rows/000001,crop,0.0,0.3128531922568234,True,False
degraded:fixture_calibration_0000,calibration,degraded,11,calibration:fixture_calibration_0000:crop/sorghum_rows/000002,crop,0.0,0.28656647929333484,True,False
degraded:fixture_calibration_0000,calibration,degraded,11,calibration:fixture_calibration_0000:crop/sorghum_rows/000007,crop,0.0,0.5334856318384033,True,False
degraded:fixture_calibration_0000,calibration,degraded,11,calibration:fixture_calibration_0000:crop/sorghum_rows/000008,crop,0.0,0.5605782469022488,True,False
degraded:fixture_calibration_0000,calibration,degraded,11,calibration:fixture_calibration_0000:weed/broadleaf/000000,weed,0.5368968386023294,0.29079849877054487,False,False
degraded:fixture_calibration_0000,calibration,degraded,12,calibration:fixture_calibration_0000:crop/sorghum_rows/000001,crop,0.0,0.3405954974582426,True,False
degraded:fixture_calibration_0000,calibration,degraded,12,calibration:fixture_calibration_0000:crop/sorghum_rows/000002,crop,0.0,0.31465951023146593,True,False
degraded:fixture_calibration_0000,calibration,degraded,12,calibration:fixture_calibration_0000:crop/sorghum_rows/000003,crop,0.0,0.4876099120703437,True,False
degraded:fixture_calibration_0000,calibration,degraded,12,calibration:fixture_calibration_0000:crop/sorghum_rows/000007,crop,0.0,0.5216131369234485,True,False
degraded:fixture_calibration_0000,calibration,degraded,12,calibration:fixture_calibration_0000:crop/sorghum_rows/000008,crop,0.0,0.5411777852273997,True,False
degraded:fixture_calibration_0000,calibration,degraded,12,calibration:fixture_calibration_0000:crop/sorghum_rows/000009,crop,0.0,0.30367045154475836,True,False
degraded:fixture_calibration_0000,calibration,degraded,12,calibration:fixture_calibration_0000:weed/broadleaf/000000,weed,0.3488596749128481,0.6038110528984283,True,False
degraded:fixture_calibration_0000,calibration,degraded,13,calibration:fixture_calibration_0000:crop/sorghum_rows/000001,crop,0.0,0.20255754475703325,True,False
degraded:fixture_calibration_0000,calibration,degraded,13,calibration:fixture_calibration_0000:crop/sorghum_rows/000002,crop,0.0,0.31607511125583415,True,False
degraded:fixture_calibration_0000,calibration,degraded,13,calibration:fixture_calibration_0000:crop/sorghum_rows/000003,crop,0.0,0.44661622530474987,True,False
degraded:fixture_calibration_0000,calibration,degraded,13,calibration:fixture_calibration_0000:crop/sorghum_rows/000007,crop,0.0,0.6280218351962569,True,False
degraded:fixture_calibration_0000,calibration,degraded,13,calibration:fixture_calibration_0000:crop/sorghum_rows/000008,crop,0.0,0.5359817648974275,True,False
degraded:fixture_calibration_0000,calibration,degraded,13,calibration:fixture_calibration_0000:crop/sorghum_rows/000009,crop,0.0,0.37527593818984545,True,False
degraded:fixture_calibration_0000,calibration,degraded,13,calibration:fixture_calibration_0000:weed/broadleaf/000000,weed,0.299795858850977,0.46515126190874145,True,False
degraded:fixture_calibration_0000,calibration,degraded,13,calibration:fixture_calibration_0000:weed/broadleaf/000005,weed,0.0,0.9625277865989202,True,False
degraded:fixture_calibration_0000,calibration,degraded,13,calibration:fixture_calibration_0000:weed/broadleaf/000006,weed,0.811336717428088,0.0,False,False
degraded:fixture_calibration_0000,calibration,degraded,14,calibration:fixture_calibration_0000:crop/sorghum_rows/000002,crop,0.0,0.31476209841398944,True,False
degraded:fixture_calibration_0000,calibration,degraded,14,calibration:fixture_calibration_0000:crop/sorghum_rows/000003,crop,0.0,0.4432809773123909,True,False
degraded:fixture_calibration_0000,calibration,degraded,14,calibration:fixture_calibration_0000:crop/sorghum_rows/000008,crop,0.0,0.5068576653459311,True,False
degraded:fixture_calibration_0000,calibration,degraded,14,calibration:fixture_calibration_0000:crop/sorghum_rows/000009,crop,0.0,0.393431855500821,True,False
degraded:fixture_calibration_0000,calibration,degraded,14,calibration:fixture_calibration_0000:weed/broadleaf/000000,weed,0.30454508297228805,0.30477900665224666,True,False
degraded:fixture_calibration_0000,calibration,degraded,14,calibration:fixture_calibration_0000:weed/broadleaf/000005,weed,0.9598548094373865,0.9654958375931064,True,False
degraded:fixture_calibration_0000,calibration,degraded,15,calibration:fixture_calibration_0000:crop/sorghum_rows/000002,crop,0.0,0.3073706728899261,True,False
degraded:fixture_calibration_0000,calibration,degraded,15,calibration:fixture_calibration_0000:crop/sorghum_rows/000003,crop,0.0,0.43145555193747964,True,False
degraded:fixture_calibration_0000,calibration,degraded,15,calibration:fixture_calibration_0000:crop/sorghum_rows/000008,crop,0.0,0.5079751021202101,True,False
degraded:fixture_calibration_0000,calibration,degraded,15,calibration:fixture_calibration_0000:crop/sorghum_rows/000009,crop,0.0,0.3993055555555556,True,False
degraded:fixture_calibration_0000,calibration,degraded,15,calibration:fixture_calibration_0000:weed/broadleaf/000000,weed,0.0,0.8729600803414511,True,False
degraded:fixture_calibration_0000,calibration,degraded,15,calibration:fixture_calibration_0000:weed/broadleaf/000005,weed,0.9617940802614854,0.9695704712732066,True,False
degraded:fixture_calibration_0000,calibration,degraded,15,calibration:fixture_calibration_0000:weed/broadleaf/000006,weed,0.6485565869028357,0.3238616307800918,False,False
degraded:fixture_calibration_0000,calibration,degraded,16,calibration:fixture_calibration_0000:crop/sorghum_rows/000002,crop,0.0,0.3100183557144237,True,False
degraded:fixture_calibration_0000,calibration,degraded,16,calibration:fixture_calibration_0000:crop/sorghum_rows/000003,crop,0.0,0.4326179322366271,True,False
degraded:fixture_calibration_0000,calibration,degraded,16,calibration:fixture_calibration_0000:crop/sorghum_rows/000004,crop,0.0,0.3467634424529699,True,False
degraded:fixture_calibration_0000,calibration,degraded,16,calibration:fixture_calibration_0000:crop/sorghum_rows/000008,crop,0.0,0.5119760479041916,True,False
degraded:fixture_calibration_0000,calibration,degraded,16,calibration:fixture_calibration_0000:crop/sorghum_rows/000009,crop,0.0,0.40302404003045794,True,False
degraded:fixture_calibration_0000,calibration,degraded,16,calibration:fixture_calibration_0000:crop/sorghum_rows/000010,crop,0.0,0.48179934891979875,True,False
degraded:fixture_calibration_0000,calibration,degraded,16,calibration:fixture_calibration_0000:weed/broadleaf/000005,weed,0.965609614827686,0.9740497076023392,True,False
degraded:fixture_calibration_0000,calibration,degraded,16,calibration:fixture_calibration_0000:weed/broadleaf/000006,weed,0.6387485742219325,0.3441848254134944,False,False
degraded:fixture_calibration_0000,calibration,degraded,17,calibration:fixture_calibration_0000:crop/sorghum_rows/000002,crop,0.0,0.45515480370252154,True,False
degraded:fixture_calibration_0000,calibration,degraded,17,calibration:fixture_calibration_0000:crop/sorghum_rows/000003,crop,0.0,0.43553745579251957,True,False
degraded:fixture_calibration_0000,calibration,degraded,17,calibration:fixture_calibration_0000:crop/sorghum_rows/000004,crop,0.0,0.4091498056413834,True,False
degraded:fixture_calibration_0000,calibration,degraded,17,calibration:fixture_calibration_0000:crop/sorghum_rows/000008,crop,0.0,0.3665003119151591,True,False
degraded:fixture_calibration_0000,calibration,degraded,17,calibration:fixture_calibration_0000:crop/sorghum_rows/000009,crop,0.0,0.39611921097770153,True,False
degraded:fixture_calibration_0000,calibration,degraded,17,calibration:fixture_calibration_0000:crop/sorghum_rows/000010,crop,0.0,0.42105788423153695,True,False
degraded:fixture_calibration_0000,calibration,degraded,17,calibration:fixture_calibration_0000:weed/broadleaf/000005,weed,0.9647160068846816,0.0,False,False
degraded:fixture_calibration_0000,calibration,degraded,17,calibration:fixture_calibration_0000:weed/broadleaf/000006,weed,0.8275295326142784,0.48225397557040794,False,False
degraded:fixture_calibration_0000,calibration,degraded,18,calibration:fixture_calibration_0000:crop/sorghum_rows/000003,crop,0.0,0.4266652875465453,True,False
degraded:fixture_calibration_0000,calibration,degraded,18,calibration:fixture_calibration_0000:crop/sorghum_rows/000004,crop,0.0,0.3982494529540481,True,False
degraded:fixture_calibration_0000,calibration,degraded,18,calibration:fixture_calibration_0000:crop/sorghum_rows/000009,crop,0.0,0.3809967878976272,True,False
degraded:fixture_calibration_0000,calibration,degraded,18,calibration:fixture_calibration_0000:crop/sorghum_rows/000010,crop,0.0,0.42675723567631424,True,False
degraded:fixture_calibration_0000,calibration,degraded,18,calibration:fixture_calibration_0000:weed/broadleaf/000003,weed,0.0,0.7929054054054054,True,False
degraded:fixture_calibration_0000,calibration,degraded,18,calibration:fixture_calibration_0000:weed/broadleaf/000005,weed,0.9627433470262546,0.0,False,False
degraded:fixture_calibration_0000,calibration,degraded,19,calibration:fixture_calibration_0000:crop/sorghum_rows/000003,crop,0.0,0.41141653290529695,True,False
degraded:fixture_calibration_0000,calibration,degraded,19,calibration:fixture_calibration_0000:crop/sorghum_rows/000004,crop,0.0,0.39443767762890786,True,False
degraded:fixture_calibration_0000,calibration,degraded,19,calibration:fixture_calibration_0000:crop/sorghum_rows/000009,crop,0.0,0.3822820409803134,True,False
degraded:fixture_calibration_0000,calibration,degraded,19,calibration:fixture_calibration_0000:crop/sorghum_rows/000010,crop,0.0,0.4564273452489145,True,False
degraded:fixture_calibration_0000,calibration,degraded,19,calibration:fixture_calibration_0000:weed/broadleaf/000003,weed,0.5909090909090909,0.5317604355716878,False,False
degraded:fixture_calibration_0000,calibration,degraded,19,calibration:fixture_calibration_0000:weed/broadleaf/000005,weed,0.9636280251181825,0.97223507635354,True,False
degraded:fixture_calibration_0000,calibration,degraded,20,calibration:fixture_calibration_0000:crop/sorghum_rows/000003,crop,0.0,0.3970889909153072,True,False
degraded:fixture_calibration_0000,calibration,degraded,20,calibration:fixture_calibration_0000:crop/sorghum_rows/000004,crop,0.0,0.39525978058373007,True,False
degraded:fixture_calibration_0000,calibration,degraded,20,calibration:fixture_calibration_0000:crop/sorghum_rows/000005,crop,0.0,0.4699971289118576,True,False
degraded:fixture_calibration_0000,calibration,degraded,20,calibration:fixture_calibration_0000:crop/sorghum_rows/000009,crop,0.0,0.3822265625,True,False
degraded:fixture_calibration_0000,calibration,degraded,20,calibration:fixture_calibration_0000:crop/sorghum_rows/000010,crop,0.0,0.44492375601926165,True,False
degraded:fixture_calibration_0000,calibration,degraded,20,calibration:fixture_calibration_0000:crop/sorghum_rows/000011,crop,0.0,0.3292971057294743,True,False
degraded:fixture_calibration_0000,calibration,degraded,20,calibration:fixture_calibration_0000:weed/broadleaf/000003,weed,0.0,0.0,False,True
degraded:fixture_calibration_0000,calibration,degraded,20,calibration:fixture_calibration_0000:weed/broadleaf/000005,weed,0.9513173362837978,0.0,False,False
degraded:fixture_calibration_0000,calibration,degraded,21,calibration:fixture_calibration_0000:crop/sorghum_rows/000003,crop,0.0,0.33203457932545966,True,False
degraded:fixture_calibration_0000,calibration,degraded,21,calibration:fixture_calibration_0000:crop/sorghum_rows/000004,crop,0.0,0.37813674692675,True,False
degraded:fixture_calibration_0000,calibration,degraded,21,calibration:fixture_calibration_0000:crop/sorghum_rows/000005,crop,0.0,0.40335622989305275,True,False
degraded:fixture_calibration_0000,calibration,degraded,21,calibration:fixture_calibration_0000:crop/sorghum_rows/000009,crop,0.0,0.42081008974048023,True,False
degraded:fixture_calibration_0000,calibration,degraded,21,calibration:fixture_calibration_0000:crop/sorghum_rows/000010,crop,0.0,0.47778884462151394,True,False
degraded:fixture_calibration_0000,calibration,degraded,21,calibration:fixture_calibration_0000:crop/sorghum_rows/000011,crop,0.0,0.4424670679577772,True,False
degraded:fixture_calibration_0000,calibration,degraded,21,calibration:fixture_calibration_0000:weed/broadleaf/000003,weed,0.0,0.7908796546141392,True,False
degraded:fixture_calibration_0000,calibration,degraded,21,calibration:fixture_calibration_0000:weed/broadleaf/000005,weed,0.9548333217342891,0.2711315732681102,False,False
degraded:fixture_calibration_0000,calibration,degraded,22,calibration:fixture_calibration_0000:crop/sorghum_rows/000004,crop,0.0,0.39035087719298245,True,False
degraded:fixture_calibration_0000,calibration,degraded,22,calibration:fixture_calibration_0000:crop/sorghum_rows/000005,crop,0.28392133610040515,0.412884062006869,True,False
degraded:fixture_calibration_0000,calibration,degraded,22,calibration:fixture_calibration_0000:crop/sorghum_rows/000010,crop,0.0,0.48537953134388145,True,False
degraded:fixture_calibration_0000,calibration,degraded,22,calibration:fixture_calibration_0000:crop/sorghum_rows/000011,crop,0.550259067357513,0.46869443144595224,False,False
degraded:fixture_calibration_0000,calibration,degraded,22,calibration:fixture_calibration_0000:weed/broadleaf/000003,weed,0.0,0.8005383580080754,True,False
degraded:fixture_calibration_0000,calibration,degraded,22,calibration:fixture_calibration_0000:weed/broadleaf/000005,weed,0.9678981159877907,0.9689739154989234,True,False
degraded:fixture_calibration_0000,calibration,degraded,23,calibration:fixture_calibration_0000:crop/sorghum_rows/000004,crop,0.0,0.3771571072319202,True,False
degraded:fixture_calibration_0000,calibration,degraded,23,calibration:fixture_calibration_0000:crop/sorghum_rows/000005,crop,0.0,0.39674229203025013,True,False
degraded:fixture_calibration_0000,calibration,degraded,23,calibration:fixture_calibration_0000:crop/sorghum_rows/000010,crop,0.0,0.4797797607746345,True,False
degraded:fixture_calibration_0000,calibration,degraded,23,calibration:fixture_calibration_0000:crop/sorghum_rows/000011,crop,0.0,0.499802683504341,True,False
degraded:fixture_calibration_0000,calibration,degraded,23,calibration:fixture_calibration_0000:weed/broadleaf/000005,weed,0.9007330482590103,0.0,False,False
degraded:fixture_calibration_0000,calibration,degraded,24,calibration:fixture_calibration_0000:crop/sorghum_rows/000004,crop,0.0,0.34764844743054296,True,False
degraded:fixture_calibration_0000,calibration,degraded,24,calibration:fixture_calibration_0000:crop/sorghum_rows/000005,crop,0.0,0.42230843840931137,True,False
degraded:fixture_calibration_0000,calibration,degraded,24,calibration:fixture_calibration_0000:crop/sorghum_rows/000010,crop,0.0,0.475230972283326,True,False
degraded:fixture_calibration_0000,calibration,degraded,24,calibration:fixture_calibration_0000:crop/sorghum_rows/000011,crop,0.0,0.46642080745341613,True,False
degraded:fixture_calibration_0000,calibration,degraded,24,calibration:fixture_calibration_0000:weed/broadleaf/000003,weed,0.0,0.7999616784824679,True,False
degraded:fixture_calibration_0000,calibration,degraded,25,calibration:fixture_calibration_0000:crop/sorghum_rows/000004,crop,0.0,0.37392138063279,True,False
degraded:fixture_calibration_0000,calibration,degraded,25,calibration:fixture_calibration_0000:crop/sorghum_rows/000005,crop,0.2275517636042035,0.2733990147783251,True,False
degraded:fixture_calibration_0000,calibration,degraded,25,calibration:fixture_calibration_0000:crop/sorghum_rows/000010,crop,0.0,0.44960303762512943,True,False
degraded:fixture_calibration_0000,calibration,degraded,25,calibration:fixture_calibration_0000:crop/sorghum_rows/000011,crop,0.6085505199640519,0.5924130408435341,False,False
degraded:fixture_calibration_0000,calibration,degraded,26,calibration:fixture_calibration_0000:crop/sorghum_rows/000004,crop,0.0,0.36249426868408985,True,False
degraded:fixture_calibration_0000,calibration,degraded,26,calibration:fixture_calibration_0000:crop/sorghum_rows/000005,crop,0.0,0.42174090723334695,True,False
degraded:fixture_calibration_0000,calibration,degraded,26,calibration:fixture_calibration_0000:crop/sorghum_rows/000010,crop,0.0,0.44413384159254554,True,False
degraded:fixture_calibration_0000,calibration,degraded,26,calibration:fixture_calibration_0000:crop/sorghum_rows/000011,crop,0.0,0.49293032786885244,True,False
degraded:fixture_calibration_0000,calibration,degraded,27,calibration:fixture_calibration_0000:crop/sorghum_rows/000004,crop,0.0,0.36118451025056947,True,False
degraded:fixture_calibration_0000,calibration,degraded,27,calibration:fixture_calibration_0000:crop/sorghum_rows/000005,crop,0.2461618257261411,0.3827730169193584,True,False
degraded:fixture_calibration_0000,calibration,degraded,27,calibration:fixture_calibration_0000:crop/sorghum_rows/000010,crop,0.0,0.45458400474938515,True,False
degraded:fixture_calibration_0000,calibration,degraded,27,calibration:fixture_calibration_0000:crop/sorghum_rows/000011,crop,0.6020743738932456,0.5329535299374442,False,False
degraded:fixture_calibration_0000,calibration,degraded,28,calibration:fixture_calibration_0000:crop/sorghum_rows/000004,crop,0.0,0.38264357694941786,True,False
degraded:fixture_calibration_0000,calibration,degraded,28,calibration:fixture_calibration_0000:crop/sorghum_rows/000005,crop,0.279466271312083,0.4196165191740413,True,False
degraded:fixture_calibration_0000,calibration,degraded,28,calibration:fixture_calibration_0000:crop/sorghum_rows/000010,crop,0.0,0.4374764595103578,True,False
degraded:fixture_calibration_0000,calibration,degraded,28,calibration:fixture_calibration_0000:crop/sorghum_rows/000011,crop,0.5951427140711066,0.5043635589612601,False,False
degraded:fixture_calibration_0000,calibration,degraded,29,calibration:fixture_calibration_0000:crop/sorghum_rows/000004,crop,0.0,0.37894952810832994,True,False
degraded:fixture_calibration_0000,calibration,degraded,29,calibration:fixture_calibration_0000:crop/sorghum_rows/000005,crop,0.27813028764805414,0.41730038022813687,True,False
degraded:fixture_calibration_0000,calibration,degraded,29,calibration:fixture_calibration_0000:crop/sorghum_rows/000010,crop,0.0,0.4364202490960225,True,False
degraded:fixture_calibration_0000,calibration,degraded,29,calibration:fixture_calibration_0000:crop/sorghum_rows/000011,crop,0.5922596754057429,0.5084056108791091,False,False
ideal:fixture_calibration_0000,calibration,ideal,0,calibration:fixture_calibration_0000:crop/sorghum_rows/000000,crop,0.5112773801778356,0.5108285745070574,False,False
ideal:fixture_calibration_0000,calibration,ideal,0,calibration:fixture_calibration_0000:crop/sorghum_rows/000001,crop,0.0,0.28163804491413474,True,False
ideal:fixture_calibration_0000,calibration,ideal,0,calibration:fixture_calibration_0000:crop/sorghum_rows/000006,crop,0.4160520607375271,0.4151410725823821,False,False
ideal:fixture_calibration_0000,calibration,ideal,0,calibration:fixture_calibration_0000:crop/sorghum_rows/000007,crop,0.0,0.5853562005277045,True,False
ideal:fixture_calibration_0000,calibration,ideal,1,calibration:fixture_calibration_0000:crop/sorghum_rows/000000,crop,0.532179316466933,0.5316834979469537,False,False
ideal:fixture_calibration_0000,calibration,ideal,1,calibration:fixture_calibration_0000:crop/sorghum_rows/000001,crop,0.0,0.27124983877208825,True,False
ideal:fixture_calibration_0000,calibration,ideal,1,calibration:fixture_calibration_0000:crop/sorghum_rows/000006,crop,0.40172057061962324,0.40152505446623094,False,False
ideal:fixture_calibration_0000,calibration,ideal,1,calibration:fixture_calibration_0000:crop/sorghum_rows/000007,crop,0.0,0.6001031326543766,True,False
ideal:fixture_calibration_0000,calibration,ideal,2,calibration:fixture_calibration_0000:crop/sorghum_rows/000000,crop,0.5127100387763894,0.5115479643355892,False,False
ideal:fixture_calibration_0000,calibration,ideal,2,calibration:fixture_calibration_0000:crop/sorghum_rows/000001,crop,0.0,0.27115628970775096,True,False
ideal:fixture_calibration_0000,calibration,ideal,2,calibration:fixture_calibration_0000:crop/sorghum_rows/000006,crop,0.4170263271471731,0.416119659959109,False,False
ideal:fixture_calibration_0000,calibration,ideal,2,calibration:fixture_calibration_0000:crop/sorghum_rows/000007,crop,0.0,0.605830164765526,True,False
ideal:fixture_calibration_0000,calibration,ideal,3,calibration:fixture_calibration_0000:crop/sorghum_rows/000000,crop,0.502195566027632,0.5024635818337618,True,False
ideal:fixture_calibration_0000,calibration,ideal,3,calibration:fixture_calibration_0000:crop/sorghum_rows/000001,crop,0.0,0.27579188398422594,True,False
ideal:fixture_calibration_0000,calibration,ideal,3,calibration:fixture_calibration_0000:crop/sorghum_rows/000006,crop,0.42074679866566234,0.42074679866566234,False,False
ideal:fixture_calibration_0000,calibration,ideal,3,calibration:fixture_calibration_0000:crop/sorghum_rows/000007,crop,0.0,0.591349176411417,True,False
ideal:fixture_calibration_0000,calibration,ideal,3,calibration:fixture_calibration_0000:weed/broadleaf/000000,weed,0.3932024611778494,0.3368390300905638,False,False
ideal:fixture_calibration_0000,calibration,ideal,4,calibration:fixture_calibration_0000:crop/sorghum_rows/000000,crop,0.0,0.49092067537432305,True,False
ideal:fixture_calibration_0000,calibration,ideal,4,calibration:fixture_calibration_0000:crop/sorghum_rows/000001,crop,0.0,0.27011711371363806,True,False
ideal:fixture_calibration_0000,calibration,ideal,4,calibration:fixture_calibration_0000:crop/sorghum_rows/000006,crop,0.0,0.4158152405278842,True,False
ideal:fixture_calibration_0000,calibration,ideal,4,calibration:fixture_calibration_0000:crop/sorghum_rows/000007,crop,0.0,0.5919929718875502,True,False
ideal:fixture_calibration_0000,calibration,ideal,4,calibration:fixture_calibration_0000:weed/broadleaf/000000,weed,0.4570898980537535,0.4570898980537535,False,False
ideal:fixture_calibration_0000,calibration,ideal,5,calibration:fixture_calibration_0000:crop/sorghum_rows/000000,crop,0.0,0.4703016481807816,True,False
ideal:fixture_calibration_0000,calibration,ideal,5,calibration:fixture_calibration_0000:crop/sorghum_rows/000001,crop,0.0,0.2732911228840936,True,False
ideal:fixture_calibration_0000,calibration,ideal,5,calibration:fixture_calibration_0000:crop/sorghum_rows/000006,crop,0.0,0.40238341968911917,True,False
ideal:fixture_calibration_0000,calibration,ideal,5,calibration:fixture_calibration_0000:crop/sorghum_rows/000007,crop,0.0,0.6048345398138573,True,False
ideal:fixture_calibration_0000,calibration,ideal,5,calibration:fixture_calibration_0000:weed/broadleaf/000000,weed,0.29385070365082605,0.24199251247920134,False,False
ideal:fixture_calibration_0000,calibration,ideal,6,calibration:fixture_calibration_0000:crop/sorghum_rows/000000,crop,0.0,0.48185068804854264,True,False
ideal:fixture_calibration_0000,calibration,ideal,6,calibration:fixture_calibration_0000:crop/sorghum_rows/000001,crop,0.0,0.2734673111167642,True,False
ideal:fixture_calibration_0000,calibration,ideal,6,calibration:fixture_calibration_0000:crop/sorghum_rows/000006,crop,0.0,0.4135916026404069,True,False
ideal:fixture_calibration_0000,calibration,ideal,6,calibration:fixture_calibration_0000:crop/sorghum_rows/000007,crop,0.0,0.5911869587366276,True,False
ideal:fixture_calibration_0000,calibration,ideal,6,calibration:fixture_calibration_0000:weed/broadleaf/000000,weed,0.3920779896834035,0.34541629977497307,False,False
ideal:fixture_calibration_0000,calibration,ideal,7,calibration:fixture_calibration_0000:crop/sorghum_rows/000000,crop,0.0,0.48335667348917377,True,False
ideal:fixture_calibration_0000,calibration,ideal,7,calibration:fixture_calibration_0000:crop/sorghum_rows/000001,crop,0.0,0.28074245939675174,True,False
ideal:fixture_calibration_0000,calibration,ideal,7,calibration:fixture_calibration_0000:crop/sorghum_rows/000006,crop,0.0,0.40006437077566787,True,False
ideal:fixture_calibration_0000,calibration,ideal,7,calibration:fixture_calibration_0000:crop/sorghum_rows/000007,crop,0.0,0.5944444444444444,True,False
ideal:fixture_calibration_0000,calibration,ideal,7,calibration:fixture_calibration_0000:weed/broadleaf/000000,weed,0.4740566037735849,0.2601774154878926,False,False
ideal:fixture_calibration_0000,calibration,ideal,8,calibration:fixture_calibration_0000:crop/sorghum_rows/000000,crop,0.0,0.47545191999144293,True,False
ideal:fixture_calibration_0000,calibration,ideal,8,calibration:fixture_calibration_0000:crop/sorghum_rows/000001,crop,0.0,0.2905782975958415,True,False
ideal:fixture_calibration_0000,calibration,ideal,8,calibration:fixture_calibration_0000:crop/sorghum_rows/000002,crop,0.0,0.2591506185435531,True,False
ideal:fixture_calibration_0000,calibration,ideal,8,calibration:fixture_calibration_0000:crop/sorghum_rows/000006,crop,0.0,0.40391821004175144,True,False
ideal:fixture_calibration_0000,calibration,ideal,8,calibration:fixture_calibration_0000:crop/sorghum_rows/000007,crop,0.0,0.5879063719115735,True,False
ideal:fixture_calibration_0000,calibration,ideal,8,calibration:fixture_calibration_0000:crop/sorghum_rows/000008,crop,0.0,0.590096988259316,True,False
ideal:fixture_calibration_0000,calibration,ideal,8,calibration:fixture_calibration_0000:weed/broadleaf/000000,weed,0.4707863654735708,0.2536177410261229,False,False
ideal:fixture_calibration_0000,calibration,ideal,8,calibration:fixture_calibration_0000:weed/broadleaf/000006,weed,0.0,0.0,False,True
ideal:fixture_calibration_0000,calibration,ideal,9,calibration:fixture_calibration_0000:crop/sorghum_rows/000000,crop,0.0,0.2817403708987161,True,False
ideal:fixture_calibration_0000,calibration,ideal,9,calibration:fixture_calibration_0000:crop/sorghum_rows/000001,crop,0.0,0.29292929292929293,True,False
ideal:fixture_calibration_0000,calibration,ideal,9,calibration:fixture_calibration_0000:crop/sorghum_rows/000002,crop,0.0,0.2950191570881226,True,False
ideal:fixture_calibration_0000,calibration,ideal,9,calibration:fixture_calibration_0000:crop/sorghum_rows/000006,crop,0.0,0.5716342692584593,True,False
ideal:fixture_calibration_0000,calibration,ideal,9,calibration:fixture_calibration_0000:crop/sorghum_rows/000007,crop,0.0,0.5815520145096515,True,False
ideal:fixture_calibration_0000,calibration,ideal,9,calibration:fixture_calibration_0000:crop/sorghum_rows/000008,crop,0.0,0.5437689628048096,True,False
ideal:fixture_calibration_0000,calibration,ideal,9,calibration:fixture_calibration_0000:weed/broadleaf/000000,weed,0.5030740443731623,0.2682120725269681,False,False
ideal:fixture_calibration_0000,calibration,ideal,9,calibration:fixture_calibration_0000:weed/broadleaf/000006,weed,0.8687463213655091,0.0,False,False
ideal:fixture_calibration_0000,calibration,ideal,10,calibration:fixture_calibration_0000:crop/sorghum_rows/000001,crop,0.0,0.31084457771114443,True,False
ideal:fixture_calibration_0000,calibration,ideal,10,calibration:fixture_calibration_0000:crop/sorghum_rows/000002,crop,0.0,0.283598833295939,True,False
ideal:fixture_calibration_0000,calibration,ideal,10,calibration:fixture_calibration_0000:crop/sorghum_rows/000007,crop,0.0,0.5532207629768605,True,False
ideal:fixture_calibration_0000,calibration,ideal,10,calibration:fixture_calibration_0000:crop/sorghum_rows/000008,crop,0.0,0.5557424854194706,True,False
ideal:fixture_calibration_0000,calibration,ideal,10,calibration:fixture_calibration_0000:weed/broadleaf/000000,weed,0.6369901608079407,0.43992917220008854,False,False
ideal:fixture_calibration_0000,calibration,ideal,10,calibration:fixture_calibration_0000:weed/broadleaf/000006,weed,0.7614195361911454,0.7141969941622158,False,False
ideal:fixture_calibration_0000,calibration,ideal,11,calibration:fixture_calibration_0000:crop/sorghum_rows/000001,crop,0.0,0.3136451301832208,True,False
ideal:fixture_calibration_0000,calibration,ideal,11,calibration:fixture_calibration_0000:crop/sorghum_rows/000002,crop,0.0,0.28742377171786904,True,False
ideal:fixture_calibration_0000,calibration,ideal,11,calibration:fixture_calibration_0000:crop/sorghum_rows/000007,crop,0.0,0.5348360655737705,True,False
ideal:fixture_calibration_0000,calibration,ideal,11,calibration:fixture_calibration_0000:crop/sorghum_rows/000008,crop,0.0,0.5622554660529344,True,False
ideal:fixture_calibration_0000,calibration,ideal,11,calibration:fixture_calibration_0000:weed/broadleaf/000000,weed,0.5332441807012411,0.290971053880333,False,False
ideal:fixture_calibration_0000,calibration,ideal,12,calibration:fixture_calibration_0000:crop/sorghum_rows/000001,crop,0.0,0.341421984955108,True,False
ideal:fixture_calibration_0000,calibration,ideal,12,calibration:fixture_calibration_0000:crop/sorghum_rows/000002,crop,0.0,0.3154354892949221,True,False
ideal:fixture_calibration_0000,calibration,ideal,12,calibration:fixture_calibration_0000:crop/sorghum_rows/000003,crop,0.0,0.4906166219839142,True,False
ideal:fixture_calibration_0000,calibration,ideal,12,calibration:fixture_calibration_0000:crop/sorghum_rows/000007,crop,0.0,0.5228758169934641,True,False
ideal:fixture_calibration_0000,calibration,ideal,12,calibration:fixture_calibration_0000:crop/sorghum_rows/000008,crop,0.0,0.5425114820208357,True,False
ideal:fixture_calibration_0000,calibration,ideal,12,calibration:fixture_calibration_0000:crop/sorghum_rows/000009,crop,0.0,0.3048327137546468,True,False
ideal:fixture_calibration_0000,calibration,ideal,12,calibration:fixture_calibration_0000:weed/broadleaf/000000,weed,0.33624858091914395,0.2976588628762542,False,False
ideal:fixture_calibration_0000,calibration,ideal,13,calibration:fixture_calibration_0000:crop/sorghum_rows/000001,crop,0.0,0.20312900743780457,True,False
ideal:fixture_calibration_0000,calibration,ideal,13,calibration:fixture_calibration_0000:crop/sorghum_rows/000002,crop,0.0,0.3164529450119539,True,False
ideal:fixture_calibration_0000,calibration,ideal,13,calibration:fixture_calibration_0000:crop/sorghum_rows/000003,crop,0.0,0.44877482044782424,True,False
ideal:fixture_calibration_0000,calibration,ideal,13,calibration:fixture_calibration_0000:crop/sorghum_rows/000007,crop,0.0,0.629822732012513,True,False
ideal:fixture_calibration_0000,calibration,ideal,13,calibration:fixture_calibration_0000:crop/sorghum_rows/000008,crop,0.0,0.5366224733753532,True,False
ideal:fixture_calibration_0000,calibration,ideal,13,calibration:fixture_calibration_0000:crop/sorghum_rows/000009,crop,0.0,0.3772189349112426,True,False
ideal:fixture_calibration_0000,calibration,ideal,13,calibration:fixture_calibration_0000:weed/broadleaf/000000,weed,0.2999416618051504,0.4652737150020894,True,False
ideal:fixture_calibration_0000,calibration,ideal,13,calibration:fixture_calibration_0000:weed/broadleaf/000005,weed,0.0,0.962757087270706,True,False
ideal:fixture_calibration_0000,calibration,ideal,13,calibration:fixture_calibration_0000:weed/broadleaf/000006,weed,0.8123938879456706,0.0,False,False
ideal:fixture_calibration_0000,calibration,ideal,14,calibration:fixture_calibration_0000:crop/sorghum_rows/000002,crop,0.0,0.31543555781966376,True,False
ideal:fixture_calibration_0000,calibration,ideal,14,calibration:fixture_calibration_0000:crop/sorghum_rows/000003,crop,0.0,0.4440196613872201,True,False
ideal:fixture_calibration_0000,calibration,ideal,14,calibration:fixture_calibration_0000:crop/sorghum_rows/000008,crop,0.0,0.5079413561392792,True,False
ideal:fixture_calibration_0000,calibration,ideal,14,calibration:fixture_calibration_0000:crop/sorghum_rows/000009,crop,0.0,0.3939493587635646,True,False
ideal:fixture_calibration_0000,calibration,ideal,14,calibration:fixture_calibration_0000:weed/broadleaf/000000,weed,0.3045575311669732,0.3048198179814717,True,False
ideal:fixture_calibration_0000,calibration,ideal,14,calibration:fixture_calibration_0000:weed/broadleaf/000005,weed,0.9608662475927473,0.9659883827128922,True,False
ideal:fixture_calibration_0000,calibration,ideal,15,calibration:fixture_calibration_0000:crop/sorghum_rows/000002,crop,0.0,0.30787961429823707,True,False
ideal:fixture_calibration_0000,calibration,ideal,15,calibration:fixture_calibration_0000:crop/sorghum_rows/000003,crop,0.0,0.4322061541807111,True,False
ideal:fixture_calibration_0000,calibration,ideal,15,calibration:fixture_calibration_0000:crop/sorghum_rows/000008,crop,0.0,0.508669394116501,True,False
ideal:fixture_calibration_0000,calibration,ideal,15,calibration:fixture_calibration_0000:crop/sorghum_rows/000009,crop,0.0,0.4,True,False
ideal:fixture_calibration_0000,calibration,ideal,15,calibration:fixture_calibration_0000:weed/broadleaf/000000,weed,0.0,0.8751573118550214,True,False
ideal:fixture_calibration_0000,calibration,ideal,15,calibration:fixture_calibration_0000:weed/broadleaf/000005,weed,0.9624931855351626,0.9699967029343884,True,False
ideal:fixture_calibration_0000,calibration,ideal,15,calibration:fixture_calibration_0000:weed/broadleaf/000006,weed,0.6496760995567679,0.32400459080074157,False,False
ideal:fixture_calibration_0000,calibration,ideal,16,calibration:fixture_calibration_0000:crop/sorghum_rows/000002,crop,0.0,0.310708752904725,True,False
ideal:fixture_calibration_0000,calibration,ideal,16,calibration:fixture_calibration_0000:crop/sorghum_rows/000003,crop,0.0,0.43342065051298845,True,False
ideal:fixture_calibration_0000,calibration,ideal,16,calibration:fixture_calibration_0000:crop/sorghum_rows/000004,crop,0.0,0.3492987168009549,True,False
ideal:fixture_calibration_0000,calibration,ideal,16,calibration:fixture_calibration_0000:crop/sorghum_rows/000008,crop,0.0,0.5131158648727132,True,False
ideal:fixture_calibration_0000,calibration,ideal,16,calibration:fixture_calibration_0000:crop/sorghum_rows/000009,crop,0.0,0.403770706190061,True,False
ideal:fixture_calibration_0000,calibration,ideal,16,calibration:fixture_calibration_0000:crop/sorghum_rows/000010,crop,0.0,0.4846543504171633,True,False
ideal:fixture_calibration_0000,calibration,ideal,16,calibration:fixture_calibration_0000:weed/broadleaf/000005,weed,0.9660642497555322,0.9743017985085539,True,False
ideal:fixture_calibration_0000,calibration,ideal,16,calibration:fixture_calibration_0000:weed/broadleaf/000006,weed,0.6397190919483913,0.3439278522020839,False,False
ideal:fixture_calibration_0000,calibration,ideal,17,calibration:fixture_calibration_0000:crop/sorghum_rows/000002,crop,0.0,0.4554170661553212,True,False
ideal:fixture_calibration_0000,calibration,ideal,17,calibration:fixture_calibration_0000:crop/sorghum_rows/000003,crop,0.0,0.4371637615666021,True,False
ideal:fixture_calibration_0000,calibration,ideal,17,calibration:fixture_calibration_0000:crop/sorghum_rows/000004,crop,0.0,0.4126521170672835,True,False
ideal:fixture_calibration_0000,calibration,ideal,17,calibration:fixture_calibration_0000:crop/sorghum_rows/000008,crop,0.0,0.3670727897532021,True,False
ideal:fixture_calibration_0000,calibration,ideal,17,calibration:fixture_calibration_0000:crop/sorghum_rows/000009,crop,0.0,0.3977395048439182,True,False
ideal:fixture_calibration_0000,calibration,ideal,17,calibration:fixture_calibration_0000:crop/sorghum_rows/000010,crop,0.0,0.42481619498438916,True,False
ideal:fixture_calibration_0000,calibration,ideal,17,calibration:fixture_calibration_0000:weed/broadleaf/000005,weed,0.9657536705316437,0.0,False,False
ideal:fixture_calibration_0000,calibration,ideal,17,calibration:fixture_calibration_0000:weed/broadleaf/000006,weed,0.8257567876833455,0.4824844434201429,False,False
ideal:fixture_calibration_0000,calibration,ideal,18,calibration:fixture_calibration_0000:crop/sorghum_rows/000003,crop,0.0,0.42833402575820523,True,False
ideal:fixture_calibration_0000,calibration,ideal,18,calibration:fixture_calibration_0000:crop/sorghum_rows/000004,crop,0.0,0.4022503516174402,True,False
ideal:fixture_calibration_0000,calibration,ideal,18,calibration:fixture_calibration_0000:crop/sorghum_rows/000009,crop,0.0,0.3824784101550307,True,False
ideal:fixture_calibration_0000,calibration,ideal,18,calibration:fixture_calibration_0000:crop/sorghum_rows/000010,crop,0.0,0.43014705882352944,True,False
ideal:fixture_calibration_0000,calibration,ideal,18,calibration:fixture_calibration_0000:weed/broadleaf/000003,weed,0.0,0.8043993231810491,True,False
ideal:fixture_calibration_0000,calibration,ideal,18,calibration:fixture_calibration_0000:weed/broadleaf/000005,weed,0.9641196250983759,0.0,False,False
ideal:fixture_calibration_0000,calibration,ideal,19,calibration:fixture_calibration_0000:crop/sorghum_rows/000003,crop,0.0,0.4127479609304199,True,False
ideal:fixture_calibration_0000,calibration,ideal,19,calibration:fixture_calibration_0000:crop/sorghum_rows/000004,crop,0.0,0.3970167552104618,True,False
ideal:fixture_calibration_0000,calibration,ideal,19,calibration:fixture_calibration_0000:crop/sorghum_rows/000009,crop,0.0,0.38378541897751334,True,False
ideal:fixture_calibration_0000,calibration,ideal,19,calibration:fixture_calibration_0000:crop/sorghum_rows/000010,crop,0.0,0.4592479674796748,True,False
ideal:fixture_calibration_0000,calibration,ideal,19,calibration:fixture_calibration_0000:weed/broadleaf/000003,weed,0.5890909090909091,0.5281306715063521,False,False
ideal:fixture_calibration_0000,calibration,ideal,19,calibration:fixture_calibration_0000:weed/broadleaf/000005,weed,0.9649544266233308,0.9731713400078383,True,False
ideal:fixture_calibration_0000,calibration,ideal,20,calibration:fixture_calibration_0000:crop/sorghum_rows/000003,crop,0.0,0.3984122316965598,True,False
ideal:fixture_calibration_0000,calibration,ideal,20,calibration:fixture_calibration_0000:crop/sorghum_rows/000004,crop,0.0,0.39714909998959524,True,False
ideal:fixture_calibration_0000,calibration,ideal,20,calibration:fixture_calibration_0000:crop/sorghum_rows/000005,crop,0.0,0.47029558091893475,True,False
ideal:fixture_calibration_0000,calibration,ideal,20,calibration:fixture_calibration_0000:crop/sorghum_rows/000009,crop,0.0,0.38349990201842055,True,False
ideal:fixture_calibration_0000,calibration,ideal,20,calibration:fixture_calibration_0000:crop/sorghum_rows/000010,crop,0.0,0.44584382871536526,True,False
ideal:fixture_calibration_0000,calibration,ideal,20,calibration:fixture_calibration_0000:crop/sorghum_rows/000011,crop,0.0,0.3302752293577982,True,False
ideal:fixture_calibration_0000,calibration,ideal,20,calibration:fixture_calibration_0000:weed/broadleaf/000003,weed,0.0,0.0,False,True
ideal:fixture_calibration_0000,calibration,ideal,20,calibration:fixture_calibration_0000:weed/broadleaf/000005,weed,0.952402381611742,0.26337654895781104,False,False
ideal:fixture_calibration_0000,calibration,ideal,21,calibration:fixture_calibration_0000:crop/sorghum_rows/000003,crop,0.0,0.33386385896180215,True,False
ideal:fixture_calibration_0000,calibration,ideal,21,calibration:fixture_calibration_0000:crop/sorghum_rows/000004,crop,0.0,0.3803147996729354,True,False
ideal:fixture_calibration_0000,calibration,ideal,21,calibration:fixture_calibration_0000:crop/sorghum_rows/000005,crop,0.0,0.4043072630569361,True,False
ideal:fixture_calibration_0000,calibration,ideal,21,calibration:fixture_calibration_0000:crop/sorghum_rows/000009,crop,0.0,0.4229456230187759,True,False
ideal:fixture_calibration_0000,calibration,ideal,21,calibration:fixture_calibration_0000:crop/sorghum_rows/000010,crop,0.0,0.4790311280152137,True,False
ideal:fixture_calibration_0000,calibration,ideal,21,calibration:fixture_calibration_0000:crop/sorghum_rows/000011,crop,0.0,0.4436570428696413,True,False
ideal:fixture_calibration_0000,calibration,ideal,21,calibration:fixture_calibration_0000:weed/broadleaf/000003,weed,0.0,0.7910931174089069,True,False
ideal:fixture_calibration_0000,calibration,ideal,21,calibration:fixture_calibration_0000:weed/broadleaf/000005,weed,0.9559643255295429,0.2698367023955111,False,False
ideal:fixture_calibration_0000,calibration,ideal,22,calibration:fixture_calibration_0000:crop/sorghum_rows/000004,crop,0.0,0.3946756813860131,True,False
ideal:fixture_calibration_0000,calibration,ideal,22,calibration:fixture_calibration_0000:crop/sorghum_rows/000005,crop,0.28281034142490624,0.41305157326382425,True,False
ideal:fixture_calibration_0000,calibration,ideal,22,calibration:fixture_calibration_0000:crop/sorghum_rows/000010,crop,0.0,0.4829253550921729,True,False
ideal:fixture_calibration_0000,calibration,ideal,22,calibration:fixture_calibration_0000:crop/sorghum_rows/000011,crop,0.5518949429789195,0.47054401954336184,False,False
ideal:fixture_calibration_0000,calibration,ideal,22,calibration:fixture_calibration_0000:weed/broadleaf/000003,weed,0.0,0.7994623655913978,True,False
ideal:fixture_calibration_0000,calibration,ideal,22,calibration:fixture_calibration_0000:weed/broadleaf/000005,weed,0.9683397683397683,0.9691107424012426,True,False
ideal:fixture_calibration_0000,calibration,ideal,23,calibration:fixture_calibration_0000:crop/sorghum_rows/000004,crop,0.0,0.37902336308031687,True,False
ideal:fixture_calibration_0000,calibration,ideal,23,calibration:fixture_calibration_0000:crop/sorghum_rows/000005,crop,0.0,0.3954121306376361,True,False
ideal:fixture_calibration_0000,calibration,ideal,23,calibration:fixture_calibration_0000:crop/sorghum_rows/000010,crop,0.0,0.4802286803239638,True,False
ideal:fixture_calibration_0000,calibration,ideal,23,calibration:fixture_calibration_0000:crop/sorghum_rows/000011,crop,0.0,0.5019825535289453,True,False
ideal:fixture_calibration_0000,calibration,ideal,23,calibration:fixture_calibration_0000:weed/broadleaf/000005,weed,0.9014672916242104,0.9410502656313854,True,False
ideal:fixture_calibration_0000,calibration,ideal,24,calibration:fixture_calibration_0000:crop/sorghum_rows/000004,crop,0.0,0.3488562836052128,True,False
ideal:fixture_calibration_0000,calibration,ideal,24,calibration:fixture_calibration_0000:crop/sorghum_rows/000005,crop,0.0,0.4235408560311284,True,False
ideal:fixture_calibration_0000,calibration,ideal,24,calibration:fixture_calibration_0000:crop/sorghum_rows/000010,crop,0.0,0.4762114926295348,True,False
ideal:fixture_calibration_0000,calibration,ideal,24,calibration:fixture_calibration_0000:crop/sorghum_rows/000011,crop,0.0,0.46735428627031234,True,False
ideal:fixture_calibration_0000,calibration,ideal,24,calibration:fixture_calibration_0000:weed/broadleaf/000003,weed,0.0,0.8007670182166826,True,False
ideal:fixture_calibration_0000,calibration,ideal,25,calibration:fixture_calibration_0000:crop/sorghum_rows/000004,crop,0.0,0.37676396675043494,True,False
ideal:fixture_calibration_0000,calibration,ideal,25,calibration:fixture_calibration_0000:crop/sorghum_rows/000005,crop,0.2277980218636127,0.38773298656263544,True,False
ideal:fixture_calibration_0000,calibration,ideal,25,calibration:fixture_calibration_0000:crop/sorghum_rows/000010,crop,0.0,0.4508916920400174,True,False
ideal:fixture_calibration_0000,calibration,ideal,25,calibration:fixture_calibration_0000:crop/sorghum_rows/000011,crop,0.609354921613981,0.6017241379310345,False,False
ideal:fixture_calibration_0000,calibration,ideal,26,calibration:fixture_calibration_0000:crop/sorghum_rows/000004,crop,0.0,0.36389579305900766,True,False
ideal:fixture_calibration_0000,calibration,ideal,26,calibration:fixture_calibration_0000:crop/sorghum_rows/000005,crop,0.0,0.4220719335997541,True,False
ideal:fixture_calibration_0000,calibration,ideal,26,calibration:fixture_calibration_0000:crop/sorghum_rows/000010,crop,0.0,0.44412364130434784,True,False
ideal:fixture_calibration_0000,calibration,ideal,26,calibration:fixture_calibration_0000:crop/sorghum_rows/000011,crop,0.0,0.4943958868894602,True,False
ideal:fixture_calibration_0000,calibration,ideal,27,calibration:fixture_calibration_0000:crop/sorghum_rows/000004,crop,0.0,0.36258808456117875,True,False
ideal:fixture_calibration_0000,calibration,ideal,27,calibration:fixture_calibration_0000:crop/sorghum_rows/000005,crop,0.24592546454894634,0.38319401671799386,True,False
ideal:fixture_calibration_0000,calibration,ideal,27,calibration:fixture_calibration_0000:crop/sorghum_rows/000010,crop,0.0,0.45416666666666666,True,False
ideal:fixture_calibration_0000,calibration,ideal,27,calibration:fixture_calibration_0000:crop/sorghum_rows/000011,crop,0.603116290853813,0.5391137237169342,False,False
ideal:fixture_calibration_0000,calibration,ideal,28,calibration:fixture_calibration_0000:crop/sorghum_rows/000004,crop,0.0,0.38403377847604087,True,False
ideal:fixture_calibration_0000,calibration,ideal,28,calibration:fixture_calibration_0000:crop/sorghum_rows/000005,crop,0.2712421767264241,0.41945031712473574,True,False
ideal:fixture_calibration_0000,calibration,ideal,28,calibration:fixture_calibration_0000:crop/sorghum_rows/000010,crop,0.0,0.43629161558049606,True,False
ideal:fixture_calibration_0000,calibration,ideal,28,calibration:fixture_calibration_0000:crop/sorghum_rows/000011,crop,0.6023317703713091,0.5068991335971762,False,False
ideal:fixture_calibration_0000,calibration,ideal,29,calibration:fixture_calibration_0000:crop/sorghum_rows/000004,crop,0.0,0.38066776586974443,True,False
ideal:fixture_calibration_0000,calibration,ideal,29,calibration:fixture_calibration_0000:crop/sorghum_rows/000005,crop,0.2706019253147149,0.41455662676130944,True,False
ideal:fixture_calibration_0000,calibration,ideal,29,calibration:fixture_calibration_0000:crop/sorghum_rows/000010,crop,0.0,0.4350276799194766,True,False
ideal:fixture_calibration_0000,calibration,ideal,29,calibration:fixture_calibration_0000:crop/sorghum_rows/000011,crop,0.59765625,0.5117532887642873,False,False
degraded:fixture_test_0000,test,degraded,0,test:fixture_test_0000:crop/sorghum_rows/000000,crop,0.5355422912568677,0.0,False,False
degraded:fixture_test_0000,test,degraded,0,test:fixture_test_0000:crop/sorghum_rows/000001,crop,0.37369177098296735,0.0,False,False
degraded:fixture_test_0000,test,degraded,0,test:fixture_test_0000:crop/sorghum_rows/000011,crop,0.3670731293094664,0.0,False,False
degraded:fixture_test_0000,test,degraded,0,test:fixture_test_0000:crop/sorghum_rows/000012,crop,0.48681220301632117,0.0,False,False
degraded:fixture_test_0000,test,degraded,1,test:fixture_test_0000:crop/sorghum_rows/000000,crop,0.549662622801804,0.0,False,False
degraded:fixture_test_0000,test,degraded,1,test:fixture_test_0000:crop/sorghum_rows/000001,crop,0.437897204911458,0.0,False,False
degraded:fixture_test_0000,test,degraded,1,test:fixture_test_0000:crop/sorghum_rows/000011,crop,0.36717712048108525,0.0,False,False
degraded:fixture_test_0000,test,degraded,1,test:fixture_test_0000:crop/sorghum_rows/000012,crop,0.4925121677274429,0.0,False,False
degraded:fixture_test_0000,test,degraded,2,test:fixture_test_0000:crop/sorghum_rows/000000,crop,0.5385853778042208,0.0,False,False
degraded:fixture_test_0000,test,degraded,2,test:fixture_test_0000:crop/sorghum_rows/000001,crop,0.5436997319034853,0.0,False,False
degraded:fixture_test_0000,test,degraded,2,test:fixture_test_0000:crop/sorghum_rows/000011,crop,0.3729165932555763,0.0,False,False
degraded:fixture_test_0000,test,degraded,2,test:fixture_test_0000:crop/sorghum_rows/000012,crop,0.39238039559582966,0.0,False,False
degraded:fixture_test_0000,test,degraded,3,test:fixture_test_0000:crop/sorghum_rows/000000,crop,0.55112444862246,0.0,False,False
degraded:fixture_test_0000,test,degraded,3,test:fixture_test_0000:crop/sorghum_rows/000001,crop,0.5123533176872199,0.0,False,False
degraded:fixture_test_0000,test,degraded,3,test:fixture_test_0000:crop/sorghum_rows/000011,crop,0.3688314501281542,0.0,False,False
degraded:fixture_test_0000,test,degraded,3,test:fixture_test_0000:crop/sorghum_rows/000012,crop,0.3871439674484524,0.0,False,False
degraded:fixture_test_0000,test,degraded,4,test:fixture_test_0000:crop/sorghum_rows/000000,crop,0.5393519358467288,0.0,False,False
degraded:fixture_test_0000,test,degraded,4,test:fixture_test_0000:crop/sorghum_rows/000001,crop,0.5216183218961815,0.0,False,False
degraded:fixture_test_0000,test,degraded,4,test:fixture_test_0000:crop/sorghum_rows/000011,crop,0.36467515507672216,0.0,False,False
degraded:fixture_test_0000,test,degraded,4,test:fixture_test_0000:crop/sorghum_rows/000012,crop,0.3933046902971715,0.0,False,False
degraded:fixture_test_0000,test,degraded,5,test:fixture_test_0000:crop/sorghum_rows/000000,crop,0.5555257613484007,0.0,False,False
degraded:fixture_test_0000,test,degraded,5,test:fixture_test_0000:crop/sorghum_rows/000001,crop,0.5397633234028467,0.0,False,False
degraded:fixture_test_0000,test,degraded,5,test:fixture_test_0000:crop/sorghum_rows/000002,crop,0.781021897810219,0.781021897810219,False,False
degraded:fixture_test_0000,test,degraded,5,test:fixture_test_0000:crop/sorghum_rows/000011,crop,0.3764181056031996,0.0,False,False
degraded:fixture_test_0000,test,degraded,5,test:fixture_test_0000:crop/sorghum_rows/000012,crop,0.3855721393034826,0.0,False,False
degraded:fixture_test_0000,test,degraded,6,test:fixture_test_0000:crop/sorghum_rows/000000,crop,0.6858780929390464,0.0,False,False
degraded:fixture_test_0000,test,degraded,6,test:fixture_test_0000:crop/sorghum_rows/000001,crop,0.5215793935968348,0.0,False,False
degraded:fixture_test_0000,test,degraded,6,test:fixture_test_0000:crop/sorghum_rows/000002,crop,0.3926411575199231,0.0,False,False
degraded:fixture_test_0000,test,degraded,6,test:fixture_test_0000:crop/sorghum_rows/000011,crop,0.2535271483539974,0.0,False,False
degraded:fixture_test_0000,test,degraded,6,test:fixture_test_0000:crop/sorghum_rows/000012,crop,0.3963817163867302,0.0,False,False
degraded:fixture_test_0000,test,degraded,6,test:fixture_test_0000:crop/sorghum_rows/000013,crop,0.536539105210309,0.0,False,False
degraded:fixture_test_0000,test,degraded,7,test:fixture_test_0000:crop/sorghum_rows/000001,crop,0.5157836731480753,0.0,False,False
degraded:fixture_test_0000,test,degraded,7,test:fixture_test_0000:crop/sorghum_rows/000002,crop,0.4175019709426737,0.0,False,False
degraded:fixture_test_0000,test,degraded,7,test:fixture_test_0000:crop/sorghum_rows/000012,crop,0.4103216941480763,0.0,False,False
degraded:fixture_test_0000,test,degraded,7,test:fixture_test_0000:crop/sorghum_rows/000013,crop,0.5193000225073149,0.0,False,False
degraded:fixture_test_0000,test,degraded,8,test:fixture_test_0000:crop/sorghum_rows/000001,crop,0.49370454367717215,0.0,False,False
degraded:fixture_test_0000,test,degraded,8,test:fixture_test_0000:crop/sorghum_rows/000002,crop,0.41865744243865527,0.0,False,False
degraded:fixture_test_0000,test,degraded,8,test:fixture_test_0000:crop/sorghum_rows/000003,crop,0.9162021553325901,0.0,False,False
degraded:fixture_test_0000,test,degraded,8,test:fixture_test_0000:crop/sorghum_rows/000012,crop,0.4224299828529436,0.0,False,False
degraded:fixture_test_0000,test,degraded,8,test:fixture_test_0000:crop/sorghum_rows/000013,crop,0.525627869295166,0.0,False,False
degraded:fixture_test_0000,test,degraded,8,test:fixture_test_0000:crop/sorghum_rows/000014,crop,0.04710682492581603,0.0,False,False
degraded:fixture_test_0000,test,degraded,9,test:fixture_test_0000:crop/sorghum_rows/000001,crop,0.9010393131495708,0.0,False,False
degraded:fixture_test_0000,test,degraded,9,test:fixture_test_0000:crop/sorghum_rows/000002,crop,0.40845628280027724,0.0,False,False
degraded:fixture_test_0000,test,degraded,9,test:fixture_test_0000:crop/sorghum_rows/000003,crop,0.49254824694351823,0.0,False,False
degraded:fixture_test_0000,test,degraded,9,test:fixture_test_0000:crop/sorghum_rows/000013,crop,0.5237694781103142,0.0,False,False
degraded:fixture_test_0000,test,degraded,9,test:fixture_test_0000:crop/sorghum_rows/000014,crop,0.44015337577063807,0.0,False,False
degraded:fixture_test_0000,test,degraded,10,test:fixture_test_0000:crop/sorghum_rows/000002,crop,0.3840172216852649,0.0,False,False
degraded:fixture_test_0000,test,degraded,10,test:fixture_test_0000:crop/sorghum_rows/000003,crop,0.5026825473469607,0.0,False,False
degraded:fixture_test_0000,test,degraded,10,test:fixture_test_0000:crop/sorghum_rows/000013,crop,0.5072610455905651,0.0,False,False
degraded:fixture_test_0000,test,degraded,10,test:fixture_test_0000:crop/sorghum_rows/000014,crop,0.44700669922865455,0.0,False,False
degraded:fixture_test_0000,test,degraded,10,test:fixture_test_0000:weed/broadleaf/000006,weed,0.7907968574635241,0.05448504983388704,False,False
degraded:fixture_test_0000,test,degraded,11,test:fixture_test_0000:crop/sorghum_rows/000003,crop,0.5068703643509352,0.0,False,False
degraded:fixture_test_0000,test,degraded,11,test:fixture_test_0000:crop/sorghum_rows/000004,crop,0.7776017284839755,0.0,False,False
degraded:fixture_test_0000,test,degraded,11,test:fixture_test_0000:crop/sorghum_rows/000014,crop,0.45288227175285584,0.0,False,False
degraded:fixture_test_0000,test,degraded,11,test:fixture_test_0000:crop/sorghum_rows/000015,crop,0.16736462093862817,0.0,False,False
degraded:fixture_test_0000,test,degraded,11,test:fixture_test_0000:weed/broadleaf/000006,weed,0.7823846065742756,0.12388039134628634,False,False
degraded:fixture_test_0000,test,degraded,12,test:fixture_test_0000:crop/sorghum_rows/000003,crop,0.47311589613679544,0.0,False,False
degraded:fixture_test_0000,test,degraded,12,test:fixture_test_0000:crop/sorghum_rows/000004,crop,0.7832881639269522,0.0,False,False
degraded:fixture_test_0000,test,degraded,12,test:fixture_test_0000:crop/sorghum_rows/000014,crop,0.4744705770630876,0.0,False,False
degraded:fixture_test_0000,test,degraded,12,test:fixture_test_0000:crop/sorghum_rows/000015,crop,0.1550699108224155,0.0,False,False
degraded:fixture_test_0000,test,degraded,12,test:fixture_test_0000:weed/broadleaf/000006,weed,0.7711378786106888,0.05329471397538016,False,False
degraded:fixture_test_0000,test,degraded,13,test:fixture_test_0000:crop/sorghum_rows/000004,crop,0.7313509488226382,0.0,False,False
degraded:fixture_test_0000,test,degraded,13,test:fixture_test_0000:crop/sorghum_rows/000005,crop,0.41259853408933755,0.0,False,False
degraded:fixture_test_0000,test,degraded,13,test:fixture_test_0000:crop/sorghum_rows/000014,crop,0.8695154521175124,0.0,False,False
degraded:fixture_test_0000,test,degraded,13,test:fixture_test_0000:crop/sorghum_rows/000015,crop,0.19430085461204769,0.0,False,False
degraded:fixture_test_0000,test,degraded,13,test:fixture_test_0000:crop/sorghum_rows/000016,crop,0.5135097589775648,0.0,False,False
degraded:fixture_test_0000,test,degraded,13,test:fixture_test_0000:weed/broadleaf/000006,weed,0.8153062592145824,0.28274491823322634,False,False
degraded:fixture_test_0000,test,degraded,14,test:fixture_test_0000:crop/sorghum_rows/000004,crop,0.7242550186075571,0.0,False,False
degraded:fixture_test_0000,test,degraded,14,test:fixture_test_0000:crop/sorghum_rows/000005,crop,0.4256814475421294,0.0,False,False
degraded:fixture_test_0000,test,degraded,14,test:fixture_test_0000:crop/sorghum_rows/000015,crop,0.37352434009815627,0.0,False,False
degraded:fixture_test_0000,test,degraded,14,test:fixture_test_0000:crop/sorghum_rows/000016,crop,0.5015921093507301,0.0,False,False
degraded:fixture_test_0000,test,degraded,14,test:fixture_test_0000:weed/broadleaf/000006,weed,0.7947497279651795,0.0,False,False
degraded:fixture_test_0000,test,degraded,15,test:fixture_test_0000:crop/sorghum_rows/000005,crop,0.43140304875338875,0.0,False,False
degraded:fixture_test_0000,test,degraded,15,test:fixture_test_0000:crop/sorghum_rows/000006,crop,0.366831955922865,0.0,False,False
degraded:fixture_test_0000,test,degraded,15,test:fixture_test_0000:crop/sorghum_rows/000016,crop,0.5011795077224374,0.0,False,False
degraded:fixture_test_0000,test,degraded,15,test:fixture_test_0000:crop/sorghum_rows/000017,crop,0.5648517551160989,0.0,False,False
degraded:fixture_test_0000,test,degraded,15,test:fixture_test_0000:weed/broadleaf/000007,weed,0.8077796706416809,0.7204619484749778,False,False
degraded:fixture_test_0000,test,degraded,16,test:fixture_test_0000:crop/sorghum_rows/000005,crop,0.4169364629704573,0.0,False,False
degraded:fixture_test_0000,test,degraded,16,test:fixture_test_0000:crop/sorghum_rows/000006,crop,0.4925029336346647,0.0,False,False
degraded:fixture_test_0000,test,degraded,16,test:fixture_test_0000:crop/sorghum_rows/000016,crop,0.5077903682719547,0.0,False,False
degraded:fixture_test_0000,test,degraded,16,test:fixture_test_0000:crop/sorghum_rows/000017,crop,0.6080857846688885,0.0011627906976744186,False,False
degraded:fixture_test_0000,test,degraded,16,test:fixture_test_0000:crop/sorghum_rows/000018,crop,0.0,0.44,True,False
degraded:fixture_test_0000,test,degraded,16,test:fixture_test_0000:weed/broadleaf/000007,weed,0.7728310502283106,0.7728310502283106,False,False
degraded:fixture_test_0000,test,degraded,17,test:fixture_test_0000:crop/sorghum_rows/000005,crop,0.0,0.0,False,True
degraded:fixture_test_0000,test,degraded,17,test:fixture_test_0000:crop/sorghum_rows/000006,crop,0.32799614588942105,0.0,False,False
degraded:fixture_test_0000,test,degraded,17,test:fixture_test_0000:crop/sorghum_rows/000007,crop,0.5114442938033336,0.0,False,False
degraded:fixture_test_0000,test,degraded,17,test:fixture_test_0000:crop/sorghum_rows/000017,crop,0.5791870562611376,0.07774300358325396,False,False
degraded:fixture_test_0000,test,degraded,17,test:fixture_test_0000:crop/sorghum_rows/000018,crop,0.37487355856767146,0.0,False,False
degraded:fixture_test_0000,test,degraded,17,test:fixture_test_0000:weed/broadleaf/000001,weed,0.0,0.9287917737789203,True,False
degraded:fixture_test_0000,test,degraded,17,test:fixture_test_0000:weed/broadleaf/000007,weed,0.6627377444414679,0.6627377444414679,False,False
degraded:fixture_test_0000,test,degraded,18,test:fixture_test_0000:crop/sorghum_rows/000006,crop,0.35378005302129995,0.0,False,False
degraded:fixture_test_0000,test,degraded,18,test:fixture_test_0000:crop/sorghum_rows/000007,crop,0.4925770841263799,0.0,False,False
degraded:fixture_test_0000,test,degraded,18,test:fixture_test_0000:crop/sorghum_rows/000017,crop,0.5722273719462967,0.0,False,False
degraded:fixture_test_0000,test,degraded,18,test:fixture_test_0000:crop/sorghum_rows/000018,crop,0.44692905274904504,0.0,False,False
degraded:fixture_test_0000,test,degraded,18,test:fixture_test_0000:crop/sorghum_rows/000019,crop,0.9098774333093006,0.0,False,False
degraded:fixture_test_0000,test,degraded,18,test:fixture_test_0000:weed/broadleaf/000001,weed,0.0,0.9607962529274005,True,False
degraded:fixture_test_0000,test,degraded,18,test:fixture_test_0000:weed/broadleaf/000007,weed,0.7242736077481841,0.6296536095823891,False,False
degraded:fixture_test_0000,test,degraded,19,test:fixture_test_0000:crop/sorghum_rows/000006,crop,0.7583558526525388,0.0,False,False
degraded:fixture_test_0000,test,degraded,19,test:fixture_test_0000:crop/sorghum_rows/000007,crop,0.4269979700774378,0.0,False,False
degraded:fixture_test_0000,test,degraded,19,test:fixture_test_0000:crop/sorghum_rows/000008,crop,0.47035983565849476,0.0,False,False
degraded:fixture_test_0000,test,degraded,19,test:fixture_test_0000:crop/sorghum_rows/000017,crop,0.8197802197802198,0.0,False,False
degraded:fixture_test_0000,test,degraded,19,test:fixture_test_0000:crop/sorghum_rows/000018,crop,0.43927854192717214,0.0,False,False
degraded:fixture_test_0000,test,degraded,19,test:fixture_test_0000:crop/sorghum_rows/000019,crop,0.4762413362117941,0.0,False,False
degraded:fixture_test_0000,test,degraded,19,test:fixture_test_0000:weed/broadleaf/000001,weed,0.0,0.9652572168763879,True,False
degraded:fixture_test_0000,test,degraded,19,test:fixture_test_0000:weed/broadleaf/000007,weed,0.7671658660638598,0.19295823265447015,False,False
degraded:fixture_test_0000,test,degraded,20,test:fixture_test_0000:crop/sorghum_rows/000007,crop,0.42899930880884724,0.0,False,False
degraded:fixture_test_0000,test,degraded,20,test:fixture_test_0000:crop/sorghum_rows/000008,crop,0.44016129806538334,0.0,False,False
degraded:fixture_test_0000,test,degraded,20,test:fixture_test_0000:crop/sorghum_rows/000018,crop,0.4786357687273847,0.0,False,False
degraded:fixture_test_0000,test,degraded,20,test:fixture_test_0000:crop/sorghum_rows/000019,crop,0.5065361828692044,0.0,False,False
degraded:fixture_test_0000,test,degraded,20,test:fixture_test_0000:weed/broadleaf/000001,weed,0.0,0.8443223443223443,True,False
degraded:fixture_test_0000,test,degraded,20,test:fixture_test_0000:weed/broadleaf/000004,weed,0.0,0.9789918727682972,True,False
degraded:fixture_test_0000,test,degraded,21,test:fixture_test_0000:crop/sorghum_rows/000007,crop,0.6165728655250868,0.0,False,False
degraded:fixture_test_0000,test,degraded,21,test:fixture_test_0000:crop/sorghum_rows/000008,crop,0.40630868395675784,0.0,False,False
degraded:fixture_test_0000,test,degraded,21,test:fixture_test_0000:crop/sorghum_rows/000009,crop,0.3408811516040766,0.0,False,False
degraded:fixture_test_0000,test,degraded,21,test:fixture_test_0000:crop/sorghum_rows/000018,crop,0.6314212328767124,0.0,False,False
degraded:fixture_test_0000,test,degraded,21,test:fixture_test_0000:crop/sorghum_rows/000019,crop,0.5380426523479054,0.0,False,False
degraded:fixture_test_0000,test,degraded,21,test:fixture_test_0000:crop/sorghum_rows/000020,crop,0.4088352472463089,0.0,False,False
degraded:fixture_test_0000,test,degraded,21,test:fixture_test_0000:weed/broadleaf/000001,weed,0.0,0.9258701787394168,True,False
degraded:fixture_test_0000,test,degraded,21,test:fixture_test_0000:weed/broadleaf/000004,weed,0.0,0.8646268656716418,True,False
degraded:fixture_test_0000,test,degraded,22,test:fixture_test_0000:crop/sorghum_rows/000008,crop,0.3830992595715528,0.0,False,False
degraded:fixture_test_0000,test,degraded,22,test:fixture_test_0000:crop/sorghum_rows/000009,crop,0.27437940343715017,0.0,False,False
degraded:fixture_test_0000,test,degraded,22,test:fixture_test_0000:crop/sorghum_rows/000019,crop,0.5520814158361165,0.0,False,False
degraded:fixture_test_0000,test,degraded,22,test:fixture_test_0000:crop/sorghum_rows/000020,crop,0.31515340289674504,0.0,False,False
degraded:fixture_test_0000,test,degraded,22,test:fixture_test_0000:weed/broadleaf/000001,weed,0.0,0.9458258258258259,True,False
degraded:fixture_test_0000,test,degraded,22,test:fixture_test_0000:weed/broadleaf/000002,weed,0.0,0.93233659191106,True,False
degraded:fixture_test_0000,test,degraded,22,test:fixture_test_0000:weed/broadleaf/000004,weed,0.0,0.8486378543364613,True,False
degraded:fixture_test_0000,test,degraded,23,test:fixture_test_0000:crop/sorghum_rows/000008,crop,0.4088855193328279,0.0,False,False
degraded:fixture_test_0000,test,degraded,23,test:fixture_test_0000:crop/sorghum_rows/000009,crop,0.2707317073170732,0.0,False,False
degraded:fixture_test_0000,test,degraded,23,test:fixture_test_0000:crop/sorghum_rows/000010,crop,0.35808238144686744,0.0,False,False
degraded:fixture_test_0000,test,degraded,23,test:fixture_test_0000:crop/sorghum_rows/000019,crop,0.5243736589198827,0.0,False,False
degraded:fixture_test_0000,test,degraded,23,test:fixture_test_0000:crop/sorghum_rows/000020,crop,0.38485762144053604,0.0,False,False
degraded:fixture_test_0000,test,degraded,23,test:fixture_test_0000:crop/sorghum_rows/000021,crop,0.5684029272492467,0.0,False,False
degraded:fixture_test_0000,test,degraded,23,test:fixture_test_0000:weed/broadleaf/000002,weed,0.0,0.9438398756315585,True,False
degraded:fixture_test_0000,test,degraded,23,test:fixture_test_0000:weed/broadleaf/000004,weed,0.0,0.7999570986424784,True,False
degraded:fixture_test_0000,test,degraded,24,test:fixture_test_0000:crop/sorghum_rows/000008,crop,0.4146341463414634,0.0,False,False
degraded:fixture_test_0000,test,degraded,24,test:fixture_test_0000:crop/sorghum_rows/000009,crop,0.17920943039847076,0.0,False,False
degraded:fixture_test_0000,test,degraded,24,test:fixture_test_0000:crop/sorghum_rows/000010,crop,0.44215619626504576,0.0,False,False
degraded:fixture_test_0000,test,degraded,24,test:fixture_test_0000:crop/sorghum_rows/000019,crop,0.3078817733990148,0.0,False,False
degraded:fixture_test_0000,test,degraded,24,test:fixture_test_0000:crop/sorghum_rows/000020,crop,0.29247773750391554,0.0,False,False
degraded:fixture_test_0000,test,degraded,24,test:fixture_test_0000:crop/sorghum_rows/000021,crop,0.4966927000318776,0.0,False,False
degraded:fixture_test_0000,test,degraded,24,test:fixture_test_0000:weed/broadleaf/000002,weed,0.0,0.9415092530443955,True,False
degraded:fixture_test_0000,test,degraded,24,test:fixture_test_0000:weed/broadleaf/000004,weed,0.0,0.7782960523374514,True,False
degraded:fixture_test_0000,test,degraded,25,test:fixture_test_0000:crop/sorghum_rows/000009,crop,0.2788471764330533,0.0,False,False
degraded:fixture_test_0000,test,degraded,25,test:fixture_test_0000:crop/sorghum_rows/000010,crop,0.4569911229987983,0.0,False,False
degraded:fixture_test_0000,test,degraded,25,test:fixture_test_0000:crop/sorghum_rows/000020,crop,0.34642162704635265,0.0,False,False
degraded:fixture_test_0000,test,degraded,25,test:fixture_test_0000:crop/sorghum_rows/000021,crop,0.4827572724429152,0.0,False,False
degraded:fixture_test_0000,test,degraded,25,test:fixture_test_0000:weed/broadleaf/000002,weed,0.0,0.9333333333333333,True,False
degraded:fixture_test_0000,test,degraded,25,test:fixture_test_0000:weed/broadleaf/000004,weed,0.0,0.8037835256420132,True,False
degraded:fixture_test_0000,test,degraded,26,test:fixture_test_0000:crop/sorghum_rows/000009,crop,0.2957443352554211,0.0,False,False
degraded:fixture_test_0000,test,degraded,26,test:fixture_test_0000:crop/sorghum_rows/000010,crop,0.48743626426029857,0.0,False,False
degraded:fixture_test_0000,test,degraded,26,test:fixture_test_0000:crop/sorghum_rows/000020,crop,0.29981640548160776,0.0,False,False
degraded:fixture_test_0000,test,degraded,26,test:fixture_test_0000:crop/sorghum_rows/000021,crop,0.46435140902067545,0.0,False,False
degraded:fixture_test_0000,test,degraded,26,test:fixture_test_0000:weed/broadleaf/000002,weed,0.0,0.9502497306825972,True,False
degraded:fixture_test_0000,test,degraded,26,test:fixture_test_0000:weed/broadleaf/000004,weed,0.0,0.8284599745450338,True,False
degraded:fixture_test_0000,test,degraded,27,test:fixture_test_0000:crop/sorghum_rows/000009,crop,0.24238472598388336,0.0,False,False
degraded:fixture_test_0000,test,degraded,27,test:fixture_test_0000:crop/sorghum_rows/000010,crop,0.5498923468389117,0.0,False,False
degraded:fixture_test_0000,test,degraded,27,test:fixture_test_0000:crop/sorghum_rows/000020,crop,0.4488651446774622,0.0,False,False
degraded:fixture_test_0000,test,degraded,27,test:fixture_test_0000:crop/sorghum_rows/000021,crop,0.45302110436542353,0.0,False,False
degraded:fixture_test_0000,test,degraded,27,test:fixture_test_0000:weed/broadleaf/000002,weed,0.0,0.9422533839711754,True,False
degraded:fixture_test_0000,test,degraded,27,test:fixture_test_0000:weed/broadleaf/000004,weed,0.0,0.7000813948507048,True,False
degraded:fixture_test_0000,test,degraded,28,test:fixture_test_0000:crop/sorghum_rows/000009,crop,0.3889484157354967,0.0,False,False
degraded:fixture_test_0000,test,degraded,28,test:fixture_test_0000:crop/sorghum_rows/000010,crop,0.6185770750988142,0.0,False,False
degraded:fixture_test_0000,test,degraded,28,test:fixture_test_0000:crop/sorghum_rows/000020,crop,0.4133414251757447,0.0,False,False
degraded:fixture_test_0000,test,degraded,28,test:fixture_test_0000:crop/sorghum_rows/000021,crop,0.45782585672138587,0.0,False,False
degraded:fixture_test_0000,test,degraded,28,test:fixture_test_0000:weed/broadleaf/000002,weed,0.0,0.9376937984496124,True,False
degraded:fixture_test_0000,test,degraded,28,test:fixture_test_0000:weed/broadleaf/000004,weed,0.0,0.9029143572322545,True,False
degraded:fixture_test_0000,test,degraded,29,test:fixture_test_0000:crop/sorghum_rows/000009,crop,0.4449375218965316,0.0,False,False
degraded:fixture_test_0000,test,degraded,29,test:fixture_test_0000:crop/sorghum_rows/000010,crop,0.6961476876707168,0.0,False,False
degraded:fixture_test_0000,test,degraded,29,test:fixture_test_0000:crop/sorghum_rows/000020,crop,0.3663868485484435,0.0,False,False
degraded:fixture_test_0000,test,degraded,29,test:fixture_test_0000:crop/sorghum_rows/000021,crop,0.4697661709021353,0.0,False,False
degraded:fixture_test_0000,test,degraded,29,test:fixture_test_0000:weed/broadleaf/000002,weed,0.0,0.9389935884981543,True,False
degraded:fixture_test_0000,test,degraded,29,test:fixture_test_0000:weed/broadleaf/000004,weed,0.0,0.11412825076066364,True,False
ideal:fixture_test_0000,test,ideal,0,test:fixture_test_0000:crop/sorghum_rows/000000,crop,0.5366119845844275,0.0,False,False
ideal:fixture_test_0000,test,ideal,0,test:fixture_test_0000:crop/sorghum_rows/000001,crop,0.38001397624039135,0.0,False,False
ideal:fixture_test_0000,test,ideal,0,test:fixture_test_0000:crop/sorghum_rows/000011,crop,0.3695339765961815,0.0,False,False
ideal:fixture_test_0000,test,ideal,0,test:fixture_test_0000:crop/sorghum_rows/000012,crop,0.49806187892029036,0.0,False,False
ideal:fixture_test_0000,test,ideal,1,test:fixture_test_0000:crop/sorghum_rows/000000,crop,0.5524391958386053,0.0,False,False
ideal:fixture_test_0000,test,ideal,1,test:fixture_test_0000:crop/sorghum_rows/000001,crop,0.4405716060888475,0.0,False,False
ideal:fixture_test_0000,test,ideal,1,test:fixture_test_0000:crop/sorghum_rows/000011,crop,0.368744728703964,0.0,False,False
ideal:fixture_test_0000,test,ideal,1,test:fixture_test_0000:crop/sorghum_rows/000012,crop,0.49569534342990007,0.0,False,False
ideal:fixture_test_0000,test,ideal,2,test:fixture_test_0000:crop/sorghum_rows/000000,crop,0.5400380979257796,0.0,False,False
ideal:fixture_test_0000,test,ideal,2,test:fixture_test_0000:crop/sorghum_rows/000001,crop,0.5470614228899691,0.0,False,False
ideal:fixture_test_0000,test,ideal,2,test:fixture_test_0000:crop/sorghum_rows/000011,crop,0.3768699244906682,0.0,False,False
ideal:fixture_test_0000,test,ideal,2,test:fixture_test_0000:crop/sorghum_rows/000012,crop,0.3944359943084245,0.0,False,False
ideal:fixture_test_0000,test,ideal,3,test:fixture_test_0000:crop/sorghum_rows/000000,crop,0.5554057501002077,0.0,False,False
ideal:fixture_test_0000,test,ideal,3,test:fixture_test_0000:crop/sorghum_rows/000001,crop,0.514305323210226,0.0,False,False
ideal:fixture_test_0000,test,ideal,3,test:fixture_test_0000:crop/sorghum_rows/000011,crop,0.37168012806519685,0.0,False,False
ideal:fixture_test_0000,test,ideal,3,test:fixture_test_0000:crop/sorghum_rows/000012,crop,0.38808714036216563,0.0,False,False
ideal:fixture_test_0000,test,ideal,4,test:fixture_test_0000:crop/sorghum_rows/000000,crop,0.5433748169838946,0.0,False,False
ideal:fixture_test_0000,test,ideal,4,test:fixture_test_0000:crop/sorghum_rows/000001,crop,0.5231771273896126,0.0,False,False
ideal:fixture_test_0000,test,ideal,4,test:fixture_test_0000:crop/sorghum_rows/000011,crop,0.3679701230228471,0.0,False,False
ideal:fixture_test_0000,test,ideal,4,test:fixture_test_0000:crop/sorghum_rows/000012,crop,0.39533732391196724,0.0,False,False
ideal:fixture_test_0000,test,ideal,5,test:fixture_test_0000:crop/sorghum_rows/000000,crop,0.5613600278821206,0.0,False,False
ideal:fixture_test_0000,test,ideal,5,test:fixture_test_0000:crop/sorghum_rows/000001,crop,0.5417082087072117,0.0,False,False
ideal:fixture_test_0000,test,ideal,5,test:fixture_test_0000:crop/sorghum_rows/000002,crop,0.7829268292682927,0.7829268292682927,False,False
ideal:fixture_test_0000,test,ideal,5,test:fixture_test_0000:crop/sorghum_rows/000011,crop,0.38031180747249327,0.0,False,False
ideal:fixture_test_0000,test,ideal,5,test:fixture_test_0000:crop/sorghum_rows/000012,crop,0.3871301201705647,0.0,False,False
ideal:fixture_test_0000,test,ideal,6,test:fixture_test_0000:crop/sorghum_rows/000000,crop,0.6864556115938506,0.0,False,False
ideal:fixture_test_0000,test,ideal,6,test:fixture_test_0000:crop/sorghum_rows/000001,crop,0.5226012706891667,0.0,False,False
ideal:fixture_test_0000,test,ideal,6,test:fixture_test_0000:crop/sorghum_rows/000002,crop,0.39498236431903516,0.0,False,False
ideal:fixture_test_0000,test,ideal,6,test:fixture_test_0000:crop/sorghum_rows/000011,crop,0.25003072385400027,0.0,False,False
ideal:fixture_test_0000,test,ideal,6,test:fixture_test_0000:crop/sorghum_rows/000012,crop,0.39742784131372794,0.0,False,False
ideal:fixture_test_0000,test,ideal,6,test:fixture_test_0000:crop/sorghum_rows/000013,crop,0.5379654553611485,0.0,False,False
ideal:fixture_test_0000,test,ideal,7,test:fixture_test_0000:crop/sorghum_rows/000001,crop,0.5172332109439772,0.0,False,False
ideal:fixture_test_0000,test,ideal,7,test:fixture_test_0000:crop/sorghum_rows/000002,crop,0.418733404892379,0.0,False,False
ideal:fixture_test_0000,test,ideal,7,test:fixture_test_0000:crop/sorghum_rows/000012,crop,0.41159537806608554,0.0,False,False
ideal:fixture_test_0000,test,ideal,7,test:fixture_test_0000:crop/sorghum_rows/000013,crop,0.521201513183897,0.0,False,False
ideal:fixture_test_0000,test,ideal,8,test:fixture_test_0000:crop/sorghum_rows/000001,crop,0.4944168005328527,0.0,False,False
ideal:fixture_test_0000,test,ideal,8,test:fixture_test_0000:crop/sorghum_rows/000002,crop,0.4197952218430034,0.0,False,False
ideal:fixture_test_0000,test,ideal,8,test:fixture_test_0000:crop/sorghum_rows/000003,crop,0.9170386904761905,0.0,False,False
ideal:fixture_test_0000,test,ideal,8,test:fixture_test_0000:crop/sorghum_rows/000012,crop,0.4233743912918934,0.0,False,False
ideal:fixture_test_0000,test,ideal,8,test:fixture_test_0000:crop/sorghum_rows/000013,crop,0.5264354131717084,0.0,False,False
ideal:fixture_test_0000,test,ideal,8,test:fixture_test_0000:crop/sorghum_rows/000014,crop,0.04710682492581603,0.0,False,False
ideal:fixture_test_0000,test,ideal,9,test:fixture_test_0000:crop/sorghum_rows/000001,crop,0.9030797101449275,0.0,False,False
ideal:fixture_test_0000,test,ideal,9,test:fixture_test_0000:crop/sorghum_rows/000002,crop,0.4100333117883956,0.0,False,False
ideal:fixture_test_0000,test,ideal,9,test:fixture_test_0000:crop/sorghum_rows/000003,crop,0.49358374041357667,0.0,False,False
ideal:fixture_test_0000,test,ideal,9,test:fixture_test_0000:crop/sorghum_rows/000013,crop,0.5259837042925278,0.0,False,False
ideal:fixture_test_0000,test,ideal,9,test:fixture_test_0000:crop/sorghum_rows/000014,crop,0.44129391968254766,0.0,False,False
ideal:fixture_test_0000,test,ideal,10,test:fixture_test_0000:crop/sorghum_rows/000002,crop,0.3850660792951542,0.0,False,False
ideal:fixture_test_0000,test,ideal,10,test:fixture_test_0000:crop/sorghum_rows/000003,crop,0.5038999462076386,0.0,False,False
ideal:fixture_test_0000,test,ideal,10,test:fixture_test_0000:crop/sorghum_rows/000013,crop,0.508648839466949,0.0,False,False
ideal:fixture_test_0000,test,ideal,10,test:fixture_test_0000:crop/sorghum_rows/000014,crop,0.44830447233894494,0.0,False,False
ideal:fixture_test_0000,test,ideal,10,test:fixture_test_0000:weed/broadleaf/000006,weed,0.7951236031154758,0.054543035785552745,False,False
ideal:fixture_test_0000,test,ideal,11,test:fixture_test_0000:crop/sorghum_rows/000003,crop,0.5075930256653148,0.0,False,False
ideal:fixture_test_0000,test,ideal,11,test:fixture_test_0000:crop/sorghum_rows/000004,crop,0.7805136606755649,0.0,False,False
ideal:fixture_test_0000,test,ideal,11,test:fixture_test_0000:crop/sorghum_rows/000014,crop,0.45414680087115195,0.0,False,False
ideal:fixture_test_0000,test,ideal,11,test:fixture_test_0000:crop/sorghum_rows/000015,crop,0.16790171136160661,0.0,False,False
ideal:fixture_test_0000,test,ideal,11,test:fixture_test_0000:weed/broadleaf/000006,weed,0.7840229885057471,0.12355212355212356,False,False
ideal:fixture_test_0000,test,ideal,12,test:fixture_test_0000:crop/sorghum_rows/000003,crop,0.47476320640772995,0.0,False,False
ideal:fixture_test_0000,test,ideal,12,test:fixture_test_0000:crop/sorghum_rows/000004,crop,0.7713182233966867,0.0,False,False
ideal:fixture_test_0000,test,ideal,12,test:fixture_test_0000:crop/sorghum_rows/000014,crop,0.47626310772163966,0.0,False,False
ideal:fixture_test_0000,test,ideal,12,test:fixture_test_0000:crop/sorghum_rows/000015,crop,0.14842146290762634,0.0,False,False
ideal:fixture_test_0000,test,ideal,12,test:fixture_test_0000:weed/broadleaf/000006,weed,0.7796169307164814,0.09860788863109049,False,False
ideal:fixture_test_0000,test,ideal,13,test:fixture_test_0000:crop/sorghum_rows/000004,crop,0.7321571152607855,0.0,False,False
ideal:fixture_test_0000,test,ideal,13,test:fixture_test_0000:crop/sorghum_rows/000005,crop,0.41339427938222867,0.0,False,False
ideal:fixture_test_0000,test,ideal,13,test:fixture_test_0000:crop/sorghum_rows/000014,crop,0.8731800766283525,0.0,False,False
ideal:fixture_test_0000,test,ideal,13,test:fixture_test_0000:crop/sorghum_rows/000015,crop,0.19539629929274213,0.0,False,False
ideal:fixture_test_0000,test,ideal,13,test:fixture_test_0000:crop/sorghum_rows/000016,crop,0.514312545650586,0.0,False,False
ideal:fixture_test_0000,test,ideal,13,test:fixture_test_0000:weed/broadleaf/000006,weed,0.8278879015721121,0.5620622857994337,False,False
ideal:fixture_test_0000,test,ideal,14,test:fixture_test_0000:crop/sorghum_rows/000004,crop,0.7261561087205185,0.0,False,False
ideal:fixture_test_0000,test,ideal,14,test:fixture_test_0000:crop/sorghum_rows/000005,crop,0.4268525368949807,0.0,False,False
ideal:fixture_test_0000,test,ideal,14,test:fixture_test_0000:crop/sorghum_rows/000015,crop,0.3727103796124237,0.0,False,False
ideal:fixture_test_0000,test,ideal,14,test:fixture_test_0000:crop/sorghum_rows/000016,crop,0.5032730673316709,0.0,False,False
ideal:fixture_test_0000,test,ideal,14,test:fixture_test_0000:weed/broadleaf/000006,weed,0.799258547301936,0.2590351854800191,False,False
ideal:fixture_test_0000,test,ideal,15,test:fixture_test_0000:crop/sorghum_rows/000005,crop,0.4325950354293863,0.0,False,False
ideal:fixture_test_0000,test,ideal,15,test:fixture_test_0000:crop/sorghum_rows/000006,crop,0.38485221674876846,0.0,False,False
ideal:fixture_test_0000,test,ideal,15,test:fixture_test_0000:crop/sorghum_rows/000016,crop,0.5026334583110159,0.0,False,False
ideal:fixture_test_0000,test,ideal,15,test:fixture_test_0000:crop/sorghum_rows/000017,crop,0.566087732941617,0.0,False,False
ideal:fixture_test_0000,test,ideal,15,test:fixture_test_0000:weed/broadleaf/000007,weed,0.7991341991341991,0.6463119709794438,False,False
ideal:fixture_test_0000,test,ideal,16,test:fixture_test_0000:crop/sorghum_rows/000005,crop,0.41758687063114175,0.0,False,False
ideal:fixture_test_0000,test,ideal,16,test:fixture_test_0000:crop/sorghum_rows/000006,crop,0.4926059239342556,0.0,False,False
ideal:fixture_test_0000,test,ideal,16,test:fixture_test_0000:crop/sorghum_rows/000016,crop,0.5084840196525351,0.0,False,False
ideal:fixture_test_0000,test,ideal,16,test:fixture_test_0000:crop/sorghum_rows/000017,crop,0.6080613757228793,0.0010050655302725738,False,False
ideal:fixture_test_0000,test,ideal,16,test:fixture_test_0000:crop/sorghum_rows/000018,crop,0.0,0.44,True,False
ideal:fixture_test_0000,test,ideal,16,test:fixture_test_0000:weed/broadleaf/000007,weed,0.7664653436870865,0.7681895093062606,True,False
ideal:fixture_test_0000,test,ideal,17,test:fixture_test_0000:crop/sorghum_rows/000005,crop,0.0,0.0,False,True
ideal:fixture_test_0000,test,ideal,17,test:fixture_test_0000:crop/sorghum_rows/000006,crop,0.32964967245798915,0.0,False,False
ideal:fixture_test_0000,test,ideal,17,test:fixture_test_0000:crop/sorghum_rows/000007,crop,0.5133079847908745,0.0,False,False
ideal:fixture_test_0000,test,ideal,17,test:fixture_test_0000:crop/sorghum_rows/000017,crop,0.5818316184412483,0.09223014395349893,False,False
ideal:fixture_test_0000,test,ideal,17,test:fixture_test_0000:crop/sorghum_rows/000018,crop,0.37640175524134567,0.0,False,False
ideal:fixture_test_0000,test,ideal,17,test:fixture_test_0000:weed/broadleaf/000001,weed,0.0,0.931425625161124,True,False
ideal:fixture_test_0000,test,ideal,17,test:fixture_test_0000:weed/broadleaf/000007,weed,0.6708023159636063,0.6708023159636063,False,False
ideal:fixture_test_0000,test,ideal,18,test:fixture_test_0000:crop/sorghum_rows/000006,crop,0.3587746143621132,0.0,False,False
ideal:fixture_test_0000,test,ideal,18,test:fixture_test_0000:crop/sorghum_rows/000007,crop,0.49420652773651375,0.0,False,False
ideal:fixture_test_0000,test,ideal,18,test:fixture_test_0000:crop/sorghum_rows/000017,crop,0.5840075718254817,0.0,False,False
ideal:fixture_test_0000,test,ideal,18,test:fixture_test_0000:crop/sorghum_rows/000018,crop,0.4480471945915687,0.0,False,False
ideal:fixture_test_0000,test,ideal,18,test:fixture_test_0000:crop/sorghum_rows/000019,crop,0.9105339105339105,0.0,False,False
ideal:fixture_test_0000,test,ideal,18,test:fixture_test_0000:weed/broadleaf/000001,weed,0.0,0.9617873218304576,True,False
ideal:fixture_test_0000,test,ideal,18,test:fixture_test_0000:weed/broadleaf/000007,weed,0.6868501529051988,0.6366279069767442,False,False
ideal:fixture_test_0000,test,ideal,19,test:fixture_test_0000:crop/sorghum_rows/000006,crop,0.7601938979184488,0.0,False,False
ideal:fixture_test_0000,test,ideal,19,test:fixture_test_0000:crop/sorghum_rows/000007,crop,0.4291706026827886,0.0,False,False
ideal:fixture_test_0000,test,ideal,19,test:fixture_test_0000:crop/sorghum_rows/000008,crop,0.47129348957155137,0.0,False,False
ideal:fixture_test_0000,test,ideal,19,test:fixture_test_0000:crop/sorghum_rows/000017,crop,0.8252212389380531,0.0,False,False
ideal:fixture_test_0000,test,ideal,19,test:fixture_test_0000:crop/sorghum_rows/000018,crop,0.4415876280806003,0.0,False,False
ideal:fixture_test_0000,test,ideal,19,test:fixture_test_0000:crop/sorghum_rows/000019,crop,0.47722718163599925,0.0,False,False
ideal:fixture_test_0000,test,ideal,19,test:fixture_test_0000:weed/broadleaf/000001,weed,0.0,0.9657039711191335,True,False
ideal:fixture_test_0000,test,ideal,19,test:fixture_test_0000:weed/broadleaf/000007,weed,0.7659025787965617,0.7089624156761966,False,False
ideal:fixture_test_0000,test,ideal,20,test:fixture_test_0000:crop/sorghum_rows/000007,crop,0.4323696737489841,0.0,False,False
ideal:fixture_test_0000,test,ideal,20,test:fixture_test_0000:crop/sorghum_rows/000008,crop,0.44116232079284134,0.0,False,False
ideal:fixture_test_0000,test,ideal,20,test:fixture_test_0000:crop/sorghum_rows/000018,crop,0.4823479205462446,0.0,False,False
ideal:fixture_test_0000,test,ideal,20,test:fixture_test_0000:crop/sorghum_rows/000019,crop,0.5075713873665993,0.0,False,False
ideal:fixture_test_0000,test,ideal,20,test:fixture_test_0000:weed/broadleaf/000001,weed,0.0,0.846389228886169,True,False
ideal:fixture_test_0000,test,ideal,20,test:fixture_test_0000:weed/broadleaf/000004,weed,0.0,0.9794853811423311,True,False
ideal:fixture_test_0000,test,ideal,21,test:fixture_test_0000:crop/sorghum_rows/000007,crop,0.6185554620838841,0.0,False,False
ideal:fixture_test_0000,test,ideal,21,test:fixture_test_0000:crop/sorghum_rows/000008,crop,0.40761104747359045,0.0,False,False
ideal:fixture_test_0000,test,ideal,21,test:fixture_test_0000:crop/sorghum_rows/000009,crop,0.3430726859058795,0.0,False,False
ideal:fixture_test_0000,test,ideal,21,test:fixture_test_0000:crop/sorghum_rows/000018,crop,0.6324161650902838,0.0,False,False
ideal:fixture_test_0000,test,ideal,21,test:fixture_test_0000:crop/sorghum_rows/000019,crop,0.5395127899001702,0.0,False,False
ideal:fixture_test_0000,test,ideal,21,test:fixture_test_0000:crop/sorghum_rows/000020,crop,0.40910518053375194,0.0,False,False
ideal:fixture_test_0000,test,ideal,21,test:fixture_test_0000:weed/broadleaf/000001,weed,0.0,0.9272658752590918,True,False
ideal:fixture_test_0000,test,ideal,21,test:fixture_test_0000:weed/broadleaf/000004,weed,0.0,0.8653300360159998,True,False
ideal:fixture_test_0000,test,ideal,22,test:fixture_test_0000:crop/sorghum_rows/000008,crop,0.3849802581021279,0.0,False,False
ideal:fixture_test_0000,test,ideal,22,test:fixture_test_0000:crop/sorghum_rows/000009,crop,0.3318998128459364,0.0,False,False
ideal:fixture_test_0000,test,ideal,22,test:fixture_test_0000:crop/sorghum_rows/000019,crop,0.5546271813855103,0.0,False,False
ideal:fixture_test_0000,test,ideal,22,test:fixture_test_0000:crop/sorghum_rows/000020,crop,0.35993377483443706,0.0,False,False
ideal:fixture_test_0000,test,ideal,22,test:fixture_test_0000:weed/broadleaf/000001,weed,0.0,0.9459394521864488,True,False
ideal:fixture_test_0000,test,ideal,22,test:fixture_test_0000:weed/broadleaf/000002,weed,0.0,0.9303706541519011,True,False
ideal:fixture_test_0000,test,ideal,22,test:fixture_test_0000:weed/broadleaf/000004,weed,0.0,0.8486654110923496,True,False
ideal:fixture_test_0000,test,ideal,23,test:fixture_test_0000:crop/sorghum_rows/000008,crop,0.4108040583772585,0.0,False,False
ideal:fixture_test_0000,test,ideal,23,test:fixture_test_0000:crop/sorghum_rows/000009,crop,0.27787110841048,0.0,False,False
ideal:fixture_test_0000,test,ideal,23,test:fixture_test_0000:crop/sorghum_rows/000010,crop,0.3609389999127324,0.0,False,False
ideal:fixture_test_0000,test,ideal,23,test:fixture_test_0000:crop/sorghum_rows/000019,crop,0.5261305007587254,0.0,False,False
ideal:fixture_test_0000,test,ideal,23,test:fixture_test_0000:crop/sorghum_rows/000020,crop,0.38820915926179084,0.0,False,False
ideal:fixture_test_0000,test,ideal,23,test:fixture_test_0000:crop/sorghum_rows/000021,crop,0.5701533928416674,0.0,False,False
ideal:fixture_test_0000,test,ideal,23,test:fixture_test_0000:weed/broadleaf/000002,weed,0.0,0.9451801363193768,True,False
ideal:fixture_test_0000,test,ideal,23,test:fixture_test_0000:weed/broadleaf/000004,weed,0.0,0.8009664800184091,True,False
ideal:fixture_test_0000,test,ideal,24,test:fixture_test_0000:crop/sorghum_rows/000008,crop,0.43147208121827413,0.0,False,False
ideal:fixture_test_0000,test,ideal,24,test:fixture_test_0000:crop/sorghum_rows/000009,crop,0.2655132874679617,0.0,False,False
ideal:fixture_test_0000,test,ideal,24,test:fixture_test_0000:crop/sorghum_rows/000010,crop,0.4439977486532122,0.0,False,False
ideal:fixture_test_0000,test,ideal,24,test:fixture_test_0000:crop/sorghum_rows/000019,crop,0.32051282051282054,0.0,False,False
ideal:fixture_test_0000,test,ideal,24,test:fixture_test_0000:crop/sorghum_rows/000020,crop,0.40853421461897355,0.0,False,False
ideal:fixture_test_0000,test,ideal,24,test:fixture_test_0000:crop/sorghum_rows/000021,crop,0.49731871298223146,0.0,False,False
ideal:fixture_test_0000,test,ideal,24,test:fixture_test_0000:weed/broadleaf/000002,weed,0.0,0.9435739690473902,True,False
ideal:fixture_test_0000,test,ideal,24,test:fixture_test_0000:weed/broadleaf/000004,weed,0.0,0.779073930425443,True,False
ideal:fixture_test_0000,test,ideal,25,test:fixture_test_0000:crop/sorghum_rows/000009,crop,0.2760508034523893,0.0,False,False
ideal:fixture_test_0000,test,ideal,25,test:fixture_test_0000:crop/sorghum_rows/000010,crop,0.4577259475218659,0.0,False,False
ideal:fixture_test_0000,test,ideal,25,test:fixture_test_0000:crop/sorghum_rows/000020,crop,0.35801577078948194,0.0,False,False
ideal:fixture_test_0000,test,ideal,25,test:fixture_test_0000:crop/sorghum_rows/000021,crop,0.4846772611340004,0.0,False,False
ideal:fixture_test_0000,test,ideal,25,test:fixture_test_0000:weed/broadleaf/000002,weed,0.0,0.9357422061206979,True,False
ideal:fixture_test_0000,test,ideal,25,test:fixture_test_0000:weed/broadleaf/000004,weed,0.0,0.8032019704433497,True,False
ideal:fixture_test_0000,test,ideal,26,test:fixture_test_0000:crop/sorghum_rows/000009,crop,0.2937457210744634,0.0,False,False
ideal:fixture_test_0000,test,ideal,26,test:fixture_test_0000:crop/sorghum_rows/000010,crop,0.48746323529411767,0.0,False,False
ideal:fixture_test_0000,test,ideal,26,test:fixture_test_0000:crop/sorghum_rows/000020,crop,0.30437485684368965,0.0,False,False
ideal:fixture_test_0000,test,ideal,26,test:fixture_test_0000:crop/sorghum_rows/000021,crop,0.46600221483942417,0.0,False,False
ideal:fixture_test_0000,test,ideal,26,test:fixture_test_0000:weed/broadleaf/000002,weed,0.0,0.9516239819448533,True,False
ideal:fixture_test_0000,test,ideal,26,test:fixture_test_0000:weed/broadleaf/000004,weed,0.0,0.8266426969257158,True,False
ideal:fixture_test_0000,test,ideal,27,test:fixture_test_0000:crop/sorghum_rows/000009,crop,0.24296246648793565,0.0,False,False
ideal:fixture_test_0000,test,ideal,27,test:fixture_test_0000:crop/sorghum_rows/000010,crop,0.5634515727312899,0.0,False,False
ideal:fixture_test_0000,test,ideal,27,test:fixture_test_0000:crop/sorghum_rows/000020,crop,0.44956111184998004,0.0,False,False
ideal:fixture_test_0000,test,ideal,27,test:fixture_test_0000:crop/sorghum_rows/000021,crop,0.4579329996712089,0.0,False,False
ideal:fixture_test_0000,test,ideal,27,test:fixture_test_0000:weed/broadleaf/000002,weed,0.0,0.9423751950078003,True,False
ideal:fixture_test_0000,test,ideal,27,test:fixture_test_0000:weed/broadleaf/000004,weed,0.0,0.7004820521649308,True,False
ideal:fixture_test_0000,test,ideal,28,test:fixture_test_0000:crop/sorghum_rows/000009,crop,0.3900342763595437,0.0,False,False
ideal:fixture_test_0000,test,ideal,28,test:fixture_test_0000:crop/sorghum_rows/000010,crop,0.6480313919139368,0.0,False,False
ideal:fixture_test_0000,test,ideal,28,test:fixture_test_0000:crop/sorghum_rows/000020,crop,0.4142668829851957,0.0,False,False
ideal:fixture_test_0000,test,ideal,28,test:fixture_test_0000:crop/sorghum_rows/000021,crop,0.4664066723299096,0.0,False,False
ideal:fixture_test_0000,test,ideal,28,test:fixture_test_0000:weed/broadleaf/000002,weed,0.0,0.9386228998737496,True,False
ideal:fixture_test_0000,test,ideal,28,test:fixture_test_0000:weed/broadleaf/000004,weed,0.0,0.902591599642538,True,False
ideal:fixture_test_0000,test,ideal,29,test:fixture_test_0000:crop/sorghum_rows/000009,crop,0.4466588511137163,0.0,False,False
ideal:fixture_test_0000,test,ideal,29,test:fixture_test_0000:crop/sorghum_rows/000010,crop,0.7171122994652407,0.0,False,False
ideal:fixture_test_0000,test,ideal,29,test:fixture_test_0000:crop/sorghum_rows/000020,crop,0.3676418958455237,0.0,False,False
ideal:fixture_test_0000,test,ideal,29,test:fixture_test_0000:crop/sorghum_rows/000021,crop,0.5843667610584904,0.0,False,False
ideal:fixture_test_0000,test,ideal,29,test:fixture_test_0000:weed/broadleaf/000002,weed,0.0,0.940099347423785,True,False
ideal:fixture_test_0000,test,ideal,29,test:fixture_test_0000:weed/broadleaf/000004,weed,0.0,0.11443388072601555,True,False
